,Date,Title,Url
0,2012-01-01,2012LG핫이슈LG화학LG디스플레이새해사업과제는,http://biz.chosun.com/site/data/html_dir/2012/01/01/2012010100753.html
1,2012-01-02,김반석LG화학부회장마켓리더돼야위협극복”,http://www.etnews.com/201201020034
2,2012-01-02,IR52장영실상LG화학일회용장갑소재NBR라텍스,http://news.mk.co.kr/news_forward.php?domain=news&no=3653&year=2012
3,2012-01-02,2012년주목할CEO12인김반석LG화학부회장,https://news.naver.com/main/read.nhn?mode=LSD&mid=sec&sid1=101&oid=011&aid=0002207942
4,2012-01-02,신년사김반석LG화학부회장무한경쟁1등실현,http://www.ebn.co.kr/news/n_view.html?id=533993
5,2012-01-02,VIP클럽추천주LG화학,https://cnbc.sbs.co.kr/article_hub/10000354871?division=NAVER
6,2012-01-02,VIP클럽추천주LG화학,http://sbscnbc.sbs.co.kr/read.jsp?pmArticleId=10000354871
