날짜,BPS,PER,PBR,EPS,DIV,DPS
2012-01-02,1843849,16.59,0.91,100692,0.24,4000
2012-01-03,1843849,17.15,0.94,100692,0.23,4000
2012-01-04,1843849,17.13,0.94,100692,0.23,4000
2012-01-05,1843849,17.11,0.93,100692,0.23,4000
2012-01-06,1843849,16.92,0.92,100692,0.23,4000
2012-01-09,1843849,16.65,0.91,100692,0.24,4000
2012-01-10,1843849,16.69,0.91,100692,0.24,4000
2012-01-11,1843849,16.24,0.89,100692,0.24,4000
2012-01-12,1843849,16.08,0.88,100692,0.25,4000
2012-01-13,1843849,16.23,0.89,100692,0.24,4000
2012-01-16,1843849,16.21,0.89,100692,0.25,4000
2012-01-17,1843849,16.27,0.89,100692,0.24,4000
2012-01-18,1843849,16.22,0.89,100692,0.24,4000
2012-01-19,1843849,16.3,0.89,100692,0.24,4000
2012-01-20,1843849,16.78,0.92,100692,0.24,4000
2012-01-25,1843849,16.98,0.93,100692,0.23,4000
2012-01-26,1843849,16.85,0.92,100692,0.24,4000
2012-01-27,1843849,16.87,0.92,100692,0.24,4000
2012-01-30,1843849,16.97,0.93,100692,0.23,4000
2012-01-31,1843849,16.88,0.92,100692,0.24,4000
2012-02-01,1843849,16.75,0.91,100692,0.24,4000
2012-02-02,1843849,16.66,0.91,100692,0.24,4000
2012-02-03,1843849,16.65,0.91,100692,0.24,4000
2012-02-06,1843849,16.83,0.92,100692,0.24,4000
2012-02-07,1843849,16.74,0.91,100692,0.24,4000
2012-02-08,1843849,17.21,0.94,100692,0.23,4000
2012-02-09,1843849,17.34,0.95,100692,0.23,4000
2012-02-10,1843849,17.34,0.95,100692,0.23,4000
2012-02-13,1843849,17.06,0.93,100692,0.23,4000
2012-02-14,1843849,16.83,0.92,100692,0.24,4000
2012-02-15,1843849,16.96,0.93,100692,0.23,4000
2012-02-16,1843849,17.09,0.93,100692,0.23,4000
2012-02-17,1843849,17.46,0.95,100692,0.23,4000
2012-02-20,1843849,17.12,0.94,100692,0.23,4000
2012-02-21,1843849,17.26,0.94,100692,0.23,4000
2012-02-22,1843849,17.78,0.97,100692,0.22,4000
2012-02-23,1843849,17.78,0.97,100692,0.22,4000
2012-02-24,1843849,18.03,0.98,100692,0.22,4000
2012-02-27,1843849,17.91,0.98,100692,0.22,4000
2012-02-28,1843849,17.71,0.97,100692,0.22,4000
2012-02-29,1843849,17.97,0.98,100692,0.22,4000
2012-03-02,1843849,17.97,0.98,100692,0.22,4000
2012-03-05,1843849,17.84,0.97,100692,0.22,4000
2012-03-06,1843849,18.27,1.0,100692,0.22,4000
2012-03-07,1843849,17.55,0.96,100692,0.23,4000
2012-03-08,1843849,16.82,0.92,100692,0.24,4000
2012-03-09,1843849,16.86,0.92,100692,0.24,4000
2012-03-12,1843849,16.81,0.92,100692,0.24,4000
2012-03-13,1843849,16.9,0.92,100692,0.24,4000
2012-03-14,1843849,17.01,0.93,100692,0.23,4000
2012-03-15,1843849,16.82,0.92,100692,0.24,4000
2012-03-16,1843849,16.78,0.92,100692,0.24,4000
2012-03-19,1843849,16.64,0.91,100692,0.24,4000
2012-03-20,1843849,16.48,0.9,100692,0.24,4000
2012-03-21,1843849,16.28,0.89,100692,0.24,4000
2012-03-22,1843849,16.43,0.9,100692,0.24,4000
2012-03-23,1843849,16.49,0.9,100692,0.24,4000
2012-03-26,1843849,16.54,0.9,100692,0.24,4000
2012-03-27,1843849,16.53,0.9,100692,0.24,4000
2012-03-28,1843849,16.53,0.9,100692,0.24,4000
2012-03-29,1843849,16.36,0.89,100692,0.24,4000
2012-03-30,1843849,16.48,0.9,100692,0.24,4000
2012-04-02,1843849,16.43,0.9,100692,0.24,4000
2012-04-03,1843849,16.72,0.91,100692,0.24,4000
2012-04-04,1843849,16.7,0.91,100692,0.24,4000
2012-04-05,1843849,16.44,0.9,100692,0.24,4000
2012-04-06,1843849,16.49,0.9,100692,0.24,4000
2012-04-09,1843849,16.59,0.91,100692,0.24,4000
2012-04-10,1843849,16.81,0.92,100692,0.24,4000
2012-04-12,1843849,16.8,0.92,100692,0.24,4000
2012-04-13,1843849,16.98,0.93,100692,0.23,4000
2012-04-16,1843849,16.39,0.89,100692,0.24,4000
2012-04-17,1843849,16.5,0.9,100692,0.24,4000
2012-04-18,1843849,16.39,0.89,100692,0.24,4000
2012-04-19,1843849,16.34,0.89,100692,0.24,4000
2012-04-20,1843849,16.53,0.9,100692,0.24,4000
2012-04-23,1843849,16.62,0.91,100692,0.24,4000
2012-04-24,1780431,24.38,0.95,69402,0.24,4000
2012-04-25,1780431,24.11,0.94,69402,0.24,4000
2012-04-26,1780431,24.08,0.94,69402,0.24,4000
2012-04-27,1780431,24.03,0.94,69402,0.24,4000
2012-04-30,1780431,24.67,0.96,69402,0.23,4000
2012-05-02,1780431,24.49,0.95,69402,0.24,4000
2012-05-03,1780431,24.54,0.96,69402,0.23,4000
2012-05-04,1780431,24.39,0.95,69402,0.24,4000
2012-05-07,1780431,23.98,0.93,69402,0.24,4000
2012-05-08,1780431,24.31,0.95,69402,0.24,4000
2012-05-09,1780431,24.03,0.94,69402,0.24,4000
2012-05-10,1780431,23.54,0.92,69402,0.24,4000
2012-05-11,1780431,23.15,0.9,69402,0.25,4000
2012-05-14,1780431,22.65,0.88,69402,0.25,4000
2012-05-15,1780431,22.36,0.87,69402,0.26,4000
2012-05-16,1780431,22.45,0.88,69402,0.26,4000
2012-05-17,1780431,21.73,0.85,69402,0.27,4000
2012-05-18,1780431,20.94,0.82,69402,0.28,4000
2012-05-21,1780431,21.66,0.84,69402,0.27,4000
2012-05-22,1780431,21.8,0.85,69402,0.26,4000
2012-05-23,1780431,21.5,0.84,69402,0.27,4000
2012-05-24,1780431,21.61,0.84,69402,0.27,4000
2012-05-25,1780431,21.83,0.85,69402,0.26,4000
2012-05-29,1780431,21.74,0.85,69402,0.27,4000
2012-05-30,1780431,21.7,0.85,69402,0.27,4000
2012-05-31,1780431,22.39,0.87,69402,0.26,4000
2012-06-01,1780431,21.89,0.85,69402,0.26,4000
2012-06-04,1780431,21.96,0.86,69402,0.26,4000
2012-06-05,1780431,22.42,0.87,69402,0.26,4000
2012-06-07,1780431,22.12,0.86,69402,0.26,4000
2012-06-08,1780431,21.92,0.85,69402,0.26,4000
2012-06-11,1780431,21.61,0.84,69402,0.27,4000
2012-06-12,1780431,21.4,0.83,69402,0.27,4000
2012-06-13,1780431,21.57,0.84,69402,0.27,4000
2012-06-14,1780431,21.73,0.85,69402,0.27,4000
2012-06-15,1780431,21.4,0.83,69402,0.27,4000
2012-06-18,1780431,21.53,0.84,69402,0.27,4000
2012-06-19,1780431,21.69,0.85,69402,0.27,4000
2012-06-20,1780431,21.74,0.85,69402,0.27,4000
2012-06-21,1780431,22.32,0.87,69402,0.26,4000
2012-06-22,1780431,22.13,0.86,69402,0.26,4000
2012-06-25,1780431,21.61,0.84,69402,0.27,4000
2012-06-26,1780431,21.45,0.84,69402,0.27,4000
2012-06-27,1780431,21.33,0.83,69402,0.27,4000
2012-06-28,1780431,21.28,0.83,69402,0.27,4000
2012-06-29,1780431,22.54,0.88,69402,0.26,4000
2012-07-02,1780431,22.42,0.87,69402,0.26,4000
2012-07-03,1780431,22.33,0.87,69402,0.26,4000
2012-07-04,1780431,21.89,0.85,69402,0.26,4000
2012-07-05,1780431,21.97,0.86,69402,0.26,4000
2012-07-06,1780431,22.46,0.88,69402,0.26,4000
2012-07-09,1780431,21.93,0.85,69402,0.26,4000
2012-07-10,1780431,21.83,0.85,69402,0.26,4000
2012-07-11,1780431,22.09,0.86,69402,0.26,4000
2012-07-12,1780431,21.33,0.83,69402,0.27,4000
2012-07-13,1780431,21.31,0.83,69402,0.27,4000
2012-07-16,1780431,21.6,0.84,69402,0.27,4000
2012-07-17,1780431,22.19,0.86,69402,0.26,4000
2012-07-18,1780431,21.9,0.85,69402,0.26,4000
2012-07-19,1780431,22.33,0.87,69402,0.26,4000
2012-07-20,1780431,22.0,0.86,69402,0.26,4000
2012-07-23,1780431,22.48,0.88,69402,0.26,4000
2012-07-24,1780431,22.35,0.87,69402,0.26,4000
2012-07-25,1780431,22.3,0.87,69402,0.26,4000
2012-07-26,1780431,21.92,0.85,69402,0.26,4000
2012-07-27,1780431,22.48,0.88,69402,0.26,4000
2012-07-30,1780431,21.97,0.86,69402,0.26,4000
2012-07-31,1780431,22.71,0.89,69402,0.25,4000
2012-08-01,1780431,22.36,0.87,69402,0.26,4000
2012-08-02,1780431,22.18,0.86,69402,0.26,4000
2012-08-03,1780431,21.83,0.85,69402,0.26,4000
2012-08-06,1780431,21.83,0.85,69402,0.26,4000
2012-08-07,1780431,22.05,0.86,69402,0.26,4000
2012-08-08,1780431,22.2,0.87,69402,0.26,4000
2012-08-09,1780431,23.62,0.92,69402,0.24,4000
2012-08-10,1780431,22.91,0.89,69402,0.25,4000
2012-08-13,1780431,23.34,0.91,69402,0.25,4000
2012-08-14,1780431,23.86,0.93,69402,0.24,4000
2012-08-16,1780431,24.06,0.94,69402,0.24,4000
2012-08-17,1780431,23.85,0.93,69402,0.24,4000
2012-08-20,1780431,23.64,0.92,69402,0.24,4000
2012-08-21,1780431,24.49,0.95,69402,0.24,4000
2012-08-22,1780431,23.72,0.92,69402,0.24,4000
2012-08-23,1780431,24.06,0.94,69402,0.24,4000
2012-08-24,1780431,24.37,0.95,69402,0.24,4000
2012-08-27,1780431,24.35,0.95,69402,0.24,4000
2012-08-28,1780431,23.92,0.93,69402,0.24,4000
2012-08-29,1780431,24.18,0.94,69402,0.24,4000
2012-08-30,1780431,23.98,0.93,69402,0.24,4000
2012-08-31,1780431,23.4,0.91,69402,0.25,4000
2012-09-03,1780431,24.34,0.95,69402,0.24,4000
2012-09-04,1780431,23.56,0.92,69402,0.24,4000
2012-09-05,1780431,23.3,0.91,69402,0.25,4000
2012-09-06,1780431,23.03,0.9,69402,0.25,4000
2012-09-07,1780431,23.64,0.92,69402,0.24,4000
2012-09-10,1780431,23.72,0.92,69402,0.24,4000
2012-09-11,1780431,23.63,0.92,69402,0.24,4000
2012-09-12,1780431,23.96,0.93,69402,0.24,4000
2012-09-13,1780431,23.67,0.92,69402,0.24,4000
2012-09-14,1780431,24.25,0.95,69402,0.24,4000
2012-09-17,1780431,23.31,0.91,69402,0.25,4000
2012-09-18,1780431,22.72,0.89,69402,0.25,4000
2012-09-19,1780431,22.36,0.87,69402,0.26,4000
2012-09-20,1780431,22.41,0.87,69402,0.26,4000
2012-09-21,1780431,22.69,0.88,69402,0.25,4000
2012-09-24,1780431,22.72,0.89,69402,0.25,4000
2012-09-25,1780431,22.43,0.87,69402,0.26,4000
2012-09-26,1780431,22.16,0.86,69402,0.26,4000
2012-09-27,1780431,22.48,0.88,69402,0.26,4000
2012-09-28,1780431,22.36,0.87,69402,0.26,4000
2012-10-02,1780431,22.49,0.88,69402,0.26,4000
2012-10-04,1780431,22.61,0.88,69402,0.25,4000
2012-10-05,1780431,22.3,0.87,69402,0.26,4000
2012-10-08,1780431,22.43,0.87,69402,0.26,4000
2012-10-09,1780431,22.42,0.87,69402,0.26,4000
2012-10-10,1780431,22.18,0.86,69402,0.26,4000
2012-10-11,1780431,21.79,0.85,69402,0.26,4000
2012-10-12,1780431,22.29,0.87,69402,0.26,4000
2012-10-15,1780431,22.84,0.89,69402,0.25,4000
2012-10-16,1780431,22.62,0.88,69402,0.25,4000
2012-10-17,1780431,22.64,0.88,69402,0.25,4000
2012-10-18,1780431,22.28,0.87,69402,0.26,4000
2012-10-19,1780431,22.23,0.87,69402,0.26,4000
2012-10-22,1780431,22.38,0.87,69402,0.26,4000
2012-10-23,1780431,22.62,0.88,69402,0.25,4000
2012-10-24,1780431,22.72,0.89,69402,0.25,4000
2012-10-25,1780431,22.72,0.89,69402,0.25,4000
2012-10-26,1780431,22.33,0.87,69402,0.26,4000
2012-10-29,1780431,22.43,0.87,69402,0.26,4000
2012-10-30,1780431,22.42,0.87,69402,0.26,4000
2012-10-31,1780431,22.64,0.88,69402,0.25,4000
2012-11-01,1780431,22.91,0.89,69402,0.25,4000
2012-11-02,1780431,22.78,0.89,69402,0.25,4000
2012-11-05,1780431,22.26,0.87,69402,0.26,4000
2012-11-06,1780431,22.45,0.88,69402,0.26,4000
2012-11-07,1780431,22.42,0.87,69402,0.26,4000
2012-11-08,1780431,21.9,0.85,69402,0.26,4000
2012-11-09,1780431,21.76,0.85,69402,0.26,4000
2012-11-12,1780431,21.8,0.85,69402,0.26,4000
2012-11-13,1780431,21.4,0.83,69402,0.27,4000
2012-11-14,1780431,21.6,0.84,69402,0.27,4000
2012-11-15,1780431,21.04,0.82,69402,0.27,4000
2012-11-16,1780431,20.45,0.8,69402,0.28,4000
2012-11-19,1780431,20.85,0.81,69402,0.28,4000
2012-11-20,1780431,20.56,0.8,69402,0.28,4000
2012-11-21,1780431,21.07,0.82,69402,0.27,4000
2012-11-22,1780431,21.27,0.83,69402,0.27,4000
2012-11-23,1780431,20.96,0.82,69402,0.27,4000
2012-11-26,1780431,21.25,0.83,69402,0.27,4000
2012-11-27,1780431,21.67,0.84,69402,0.27,4000
2012-11-28,1780431,21.18,0.83,69402,0.27,4000
2012-11-29,1780431,21.14,0.82,69402,0.27,4000
2012-11-30,1780431,21.12,0.82,69402,0.27,4000
2012-12-03,1780431,20.89,0.81,69402,0.28,4000
2012-12-04,1780431,20.78,0.81,69402,0.28,4000
2012-12-05,1780431,20.75,0.81,69402,0.28,4000
2012-12-06,1780431,20.82,0.81,69402,0.28,4000
2012-12-07,1780431,20.82,0.81,69402,0.28,4000
2012-12-10,1780431,20.76,0.81,69402,0.28,4000
2012-12-11,1780431,21.41,0.83,69402,0.27,4000
2012-12-12,1780431,21.45,0.84,69402,0.27,4000
2012-12-13,1780431,21.6,0.84,69402,0.27,4000
2012-12-14,1780431,21.34,0.83,69402,0.27,4000
2012-12-17,1780431,22.26,0.87,69402,0.26,4000
2012-12-18,1780431,22.55,0.88,69402,0.26,4000
2012-12-20,1780431,22.74,0.89,69402,0.25,4000
2012-12-21,1780431,23.23,0.91,69402,0.25,4000
2012-12-24,1780431,23.18,0.9,69402,0.25,4000
2012-12-26,1780431,23.23,0.91,69402,0.25,4000
2012-12-27,1780431,23.1,0.9,69402,0.25,4000
2012-12-28,1780431,23.49,0.92,69402,0.25,4000
2013-01-02,1780431,23.2,0.9,69402,0.25,4000
2013-01-03,1780431,23.62,0.92,69402,0.24,4000
2013-01-04,1780431,23.73,0.93,69402,0.24,4000
2013-01-07,1780431,23.73,0.93,69402,0.24,4000
2013-01-08,1780431,23.72,0.92,69402,0.24,4000
2013-01-09,1780431,23.7,0.92,69402,0.24,4000
2013-01-10,1780431,23.04,0.9,69402,0.25,4000
2013-01-11,1780431,23.75,0.93,69402,0.24,4000
2013-01-14,1780431,23.92,0.93,69402,0.24,4000
2013-01-15,1780431,23.63,0.92,69402,0.24,4000
2013-01-16,1780431,23.8,0.93,69402,0.24,4000
2013-01-17,1780431,23.5,0.92,69402,0.25,4000
2013-01-18,1780431,23.8,0.93,69402,0.24,4000
2013-01-21,1780431,24.01,0.94,69402,0.24,4000
2013-01-22,1780431,23.92,0.93,69402,0.24,4000
2013-01-23,1780431,23.86,0.93,69402,0.24,4000
2013-01-24,1780431,24.06,0.94,69402,0.24,4000
2013-01-25,1780431,23.86,0.93,69402,0.24,4000
2013-01-28,1780431,24.15,0.94,69402,0.24,4000
2013-01-29,1780431,24.21,0.94,69402,0.24,4000
2013-01-30,1780431,24.91,0.97,69402,0.23,4000
2013-01-31,1780431,24.86,0.97,69402,0.23,4000
2013-02-01,1780431,24.29,0.95,69402,0.24,4000
2013-02-04,1780431,24.02,0.94,69402,0.24,4000
2013-02-05,1780431,24.02,0.94,69402,0.24,4000
2013-02-06,1780431,24.02,0.94,69402,0.24,4000
2013-02-07,1780431,23.6,0.92,69402,0.24,4000
2013-02-08,1780431,24.25,0.95,69402,0.24,4000
2013-02-12,1780431,23.5,0.92,69402,0.25,4000
2013-02-13,1780431,23.93,0.93,69402,0.24,4000
2013-02-14,1780431,24.35,0.95,69402,0.24,4000
2013-02-15,1780431,24.06,0.94,69402,0.24,4000
2013-02-18,1780431,25.0,0.97,69402,0.23,4000
2013-02-19,1780431,24.77,0.97,69402,0.23,4000
2013-02-20,1780431,25.0,0.97,69402,0.23,4000
2013-02-21,1780431,25.47,0.99,69402,0.23,4000
2013-02-22,1780431,26.45,1.03,69402,0.22,4000
2013-02-25,1780431,26.54,1.03,69402,0.22,4000
2013-02-26,1780431,26.5,1.03,69402,0.22,4000
2013-02-27,1780431,25.72,1.0,69402,0.22,4000
2013-02-28,1780431,26.35,1.03,69402,0.22,4000
2013-03-04,1780431,25.76,1.0,69402,0.22,4000
2013-03-05,1780431,25.76,1.0,69402,0.22,4000
2013-03-06,1780431,25.22,0.98,69402,0.23,4000
2013-03-07,1780431,25.39,0.99,69402,0.23,4000
2013-03-08,1780431,25.98,1.01,69402,0.22,4000
2013-03-11,1780431,25.76,1.0,69402,0.22,4000
2013-03-12,1780431,25.88,1.01,69402,0.22,4000
2013-03-13,1780431,25.88,1.01,69402,0.22,4000
2013-03-14,1780431,25.19,0.98,69402,0.23,4000
2013-03-15,1780431,24.7,0.96,69402,0.23,4000
2013-03-18,1780431,25.17,0.98,69402,0.23,4000
2013-03-19,1780431,25.13,0.98,69402,0.23,4000
2013-03-20,1780431,24.52,0.96,69402,0.24,4000
2013-03-21,1780431,24.05,0.94,69402,0.24,4000
2013-03-22,1780431,23.92,0.93,69402,0.24,4000
2013-03-25,1780431,24.49,0.95,69402,0.24,4000
2013-03-26,1780431,24.75,0.96,69402,0.23,4000
2013-03-27,1780431,25.33,0.99,69402,0.23,4000
2013-03-28,1780431,25.39,0.99,69402,0.23,4000
2013-03-29,1780431,26.38,1.03,69402,0.22,4000
2013-04-01,1780431,26.21,1.02,69402,0.22,4000
2013-04-02,1780431,26.34,1.03,69402,0.22,4000
2013-04-03,1780431,26.41,1.03,69402,0.22,4000
2013-04-04,1780431,27.88,1.09,69402,0.21,4000
2013-04-05,1780431,26.64,1.04,69402,0.22,4000
2013-04-08,1780431,26.15,1.02,69402,0.22,4000
2013-04-09,1780431,27.54,1.07,69402,0.21,4000
2013-04-10,1780431,26.54,1.03,69402,0.22,4000
2013-04-11,1780431,27.49,1.07,69402,0.21,4000
2013-04-12,1780431,26.81,1.05,69402,0.21,4000
2013-04-15,1780431,27.56,1.07,69402,0.21,4000
2013-04-16,1780431,28.89,1.13,69402,0.2,4000
2013-04-17,1780431,28.33,1.1,69402,0.2,4000
2013-04-18,1780431,27.38,1.07,69402,0.21,4000
2013-04-19,1780431,27.74,1.08,69402,0.21,4000
2013-04-22,1780431,27.72,1.08,69402,0.21,4000
2013-04-23,1780431,27.33,1.07,69402,0.21,4000
2013-04-24,1780431,27.62,1.08,69402,0.21,4000
2013-04-25,1780431,27.0,1.05,69402,0.21,4000
2013-04-26,1780431,26.76,1.04,69402,0.22,4000
2013-04-29,1780431,27.2,1.06,69402,0.21,4000
2013-04-30,1903486,29.49,1.01,65102,0.21,4000
2013-05-02,1903486,29.12,1.0,65102,0.21,4000
2013-05-03,1903486,28.79,0.98,65102,0.21,4000
2013-05-06,1903486,28.46,0.97,65102,0.22,4000
2013-05-07,1903486,28.52,0.98,65102,0.22,4000
2013-05-08,1903486,27.82,0.95,65102,0.22,4000
2013-05-09,1903486,27.6,0.94,65102,0.22,4000
2013-05-10,1903486,27.16,0.93,65102,0.23,4000
2013-05-13,1903486,27.28,0.93,65102,0.23,4000
2013-05-14,1903486,27.82,0.95,65102,0.22,4000
2013-05-15,1903486,26.99,0.92,65102,0.23,4000
2013-05-16,1903486,27.14,0.93,65102,0.23,4000
2013-05-20,1903486,27.23,0.93,65102,0.23,4000
2013-05-21,1903486,27.5,0.94,65102,0.22,4000
2013-05-22,1903486,27.2,0.93,65102,0.23,4000
2013-05-23,1903486,26.8,0.92,65102,0.23,4000
2013-05-24,1903486,26.64,0.91,65102,0.23,4000
2013-05-27,1903486,26.94,0.92,65102,0.23,4000
2013-05-28,1903486,27.34,0.94,65102,0.22,4000
2013-05-29,1903486,27.56,0.94,65102,0.22,4000
2013-05-30,1903486,27.17,0.93,65102,0.23,4000
2013-05-31,1903486,26.88,0.92,65102,0.23,4000
2013-06-03,1903486,26.64,0.91,65102,0.23,4000
2013-06-04,1903486,26.19,0.9,65102,0.23,4000
2013-06-05,1903486,26.24,0.9,65102,0.23,4000
2013-06-07,1903486,25.65,0.88,65102,0.24,4000
2013-06-10,1903486,25.39,0.87,65102,0.24,4000
2013-06-11,1903486,25.41,0.87,65102,0.24,4000
2013-06-12,1903486,25.39,0.87,65102,0.24,4000
2013-06-13,1903486,25.25,0.86,65102,0.24,4000
2013-06-14,1903486,24.88,0.85,65102,0.25,4000
2013-06-17,1903486,25.15,0.86,65102,0.24,4000
2013-06-18,1903486,25.27,0.86,65102,0.24,4000
2013-06-19,1903486,25.25,0.86,65102,0.24,4000
2013-06-20,1903486,24.38,0.83,65102,0.25,4000
2013-06-21,1903486,23.78,0.81,65102,0.26,4000
2013-06-24,1903486,24.25,0.83,65102,0.25,4000
2013-06-25,1903486,24.07,0.82,65102,0.26,4000
2013-06-26,1903486,23.69,0.81,65102,0.26,4000
2013-06-27,1903486,24.55,0.84,65102,0.25,4000
2013-06-28,1903486,24.68,0.84,65102,0.25,4000
2013-07-01,1903486,24.93,0.85,65102,0.25,4000
2013-07-02,1903486,25.18,0.86,65102,0.24,4000
2013-07-03,1903486,25.02,0.86,65102,0.25,4000
2013-07-04,1903486,25.05,0.86,65102,0.25,4000
2013-07-05,1903486,24.44,0.84,65102,0.25,4000
2013-07-08,1903486,24.5,0.84,65102,0.25,4000
2013-07-09,1903486,24.95,0.85,65102,0.25,4000
2013-07-10,1903486,24.45,0.84,65102,0.25,4000
2013-07-11,1903486,24.61,0.84,65102,0.25,4000
2013-07-12,1903486,24.55,0.84,65102,0.25,4000
2013-07-15,1903486,24.93,0.85,65102,0.25,4000
2013-07-16,1903486,25.08,0.86,65102,0.24,4000
2013-07-17,1903486,24.96,0.85,65102,0.25,4000
2013-07-18,1903486,24.65,0.84,65102,0.25,4000
2013-07-19,1903486,24.59,0.84,65102,0.25,4000
2013-07-22,1903486,24.53,0.84,65102,0.25,4000
2013-07-23,1903486,24.73,0.85,65102,0.25,4000
2013-07-24,1903486,24.78,0.85,65102,0.25,4000
2013-07-25,1903486,24.39,0.83,65102,0.25,4000
2013-07-26,1903486,24.73,0.85,65102,0.25,4000
2013-07-29,1903486,24.36,0.83,65102,0.25,4000
2013-07-30,1903486,24.58,0.84,65102,0.25,4000
2013-07-31,1903486,24.36,0.83,65102,0.25,4000
2013-08-01,1903486,24.32,0.83,65102,0.25,4000
2013-08-02,1903486,24.35,0.83,65102,0.25,4000
2013-08-05,1903486,24.16,0.83,65102,0.25,4000
2013-08-06,1903486,23.89,0.82,65102,0.26,4000
2013-08-07,1903486,23.66,0.81,65102,0.26,4000
2013-08-08,1903486,23.42,0.8,65102,0.26,4000
2013-08-09,1903486,23.04,0.79,65102,0.27,4000
2013-08-12,1903486,23.46,0.8,65102,0.26,4000
2013-08-13,1903486,23.47,0.8,65102,0.26,4000
2013-08-14,1903486,23.19,0.79,65102,0.26,4000
2013-08-16,1903486,23.12,0.79,65102,0.27,4000
2013-08-19,1903486,23.07,0.79,65102,0.27,4000
2013-08-20,1903486,22.9,0.78,65102,0.27,4000
2013-08-21,1903486,23.04,0.79,65102,0.27,4000
2013-08-22,1903486,22.66,0.77,65102,0.27,4000
2013-08-23,1903486,22.56,0.77,65102,0.27,4000
2013-08-26,1903486,22.92,0.78,65102,0.27,4000
2013-08-27,1903486,22.81,0.78,65102,0.27,4000
2013-08-28,1903486,22.75,0.78,65102,0.27,4000
2013-08-29,1903486,23.04,0.79,65102,0.27,4000
2013-08-30,1903486,23.23,0.79,65102,0.26,4000
2013-09-02,1903486,23.04,0.79,65102,0.27,4000
2013-09-03,1903486,23.52,0.8,65102,0.26,4000
2013-09-04,1903486,23.35,0.8,65102,0.26,4000
2013-09-05,1903486,23.38,0.8,65102,0.26,4000
2013-09-06,1903486,23.35,0.8,65102,0.26,4000
2013-09-09,1903486,23.55,0.81,65102,0.26,4000
2013-09-10,1903486,23.81,0.81,65102,0.26,4000
2013-09-11,1903486,24.25,0.83,65102,0.25,4000
2013-09-12,1903486,24.99,0.85,65102,0.25,4000
2013-09-13,1903486,25.42,0.87,65102,0.24,4000
2013-09-16,1903486,24.91,0.85,65102,0.25,4000
2013-09-17,1903486,24.96,0.85,65102,0.25,4000
2013-09-23,1903486,27.03,0.92,65102,0.23,4000
2013-09-24,1903486,25.94,0.89,65102,0.24,4000
2013-09-25,1903486,26.59,0.91,65102,0.23,4000
2013-09-26,1903486,26.17,0.9,65102,0.23,4000
2013-09-27,1903486,26.01,0.89,65102,0.24,4000
2013-09-30,1903486,26.19,0.9,65102,0.23,4000
2013-10-01,1903486,26.22,0.9,65102,0.23,4000
2013-10-02,1903486,25.97,0.89,65102,0.24,4000
2013-10-04,1903486,25.84,0.88,65102,0.24,4000
2013-10-07,1903486,25.56,0.87,65102,0.24,4000
2013-10-08,1903486,25.65,0.88,65102,0.24,4000
2013-10-10,1903486,25.79,0.88,65102,0.24,4000
2013-10-11,1903486,26.28,0.9,65102,0.23,4000
2013-10-14,1903486,26.16,0.89,65102,0.23,4000
2013-10-15,1903486,26.53,0.91,65102,0.23,4000
2013-10-16,1903486,26.68,0.91,65102,0.23,4000
2013-10-17,1903486,26.99,0.92,65102,0.23,4000
2013-10-18,1903486,27.3,0.93,65102,0.23,4000
2013-10-21,1903486,27.66,0.95,65102,0.22,4000
2013-10-22,1903486,27.7,0.95,65102,0.22,4000
2013-10-23,1903486,28.02,0.96,65102,0.22,4000
2013-10-24,1903486,27.59,0.94,65102,0.22,4000
2013-10-25,1903486,27.25,0.93,65102,0.23,4000
2013-10-28,1903486,27.34,0.94,65102,0.22,4000
2013-10-29,1903486,27.8,0.95,65102,0.22,4000
2013-10-30,1903486,28.11,0.96,65102,0.22,4000
2013-10-31,1903486,27.94,0.96,65102,0.22,4000
2013-11-01,1903486,27.85,0.95,65102,0.22,4000
2013-11-04,1903486,27.11,0.93,65102,0.23,4000
2013-11-05,1903486,26.76,0.92,65102,0.23,4000
2013-11-06,1903486,26.57,0.91,65102,0.23,4000
2013-11-07,1903486,26.22,0.9,65102,0.23,4000
2013-11-08,1903486,26.16,0.89,65102,0.23,4000
2013-11-11,1903486,25.96,0.89,65102,0.24,4000
2013-11-12,1903486,25.9,0.89,65102,0.24,4000
2013-11-13,1903486,25.94,0.89,65102,0.24,4000
2013-11-14,1903486,25.96,0.89,65102,0.24,4000
2013-11-15,1903486,25.9,0.89,65102,0.24,4000
2013-11-18,1903486,25.96,0.89,65102,0.24,4000
2013-11-19,1903486,26.57,0.91,65102,0.23,4000
2013-11-20,1903486,26.73,0.91,65102,0.23,4000
2013-11-21,1903486,26.5,0.91,65102,0.23,4000
2013-11-22,1903486,26.16,0.89,65102,0.23,4000
2013-11-25,1903486,26.9,0.92,65102,0.23,4000
2013-11-26,1903486,26.87,0.92,65102,0.23,4000
2013-11-27,1903486,26.6,0.91,65102,0.23,4000
2013-11-28,1903486,26.87,0.92,65102,0.23,4000
2013-11-29,1903486,26.94,0.92,65102,0.23,4000
2013-12-02,1903486,26.87,0.92,65102,0.23,4000
2013-12-03,1903486,26.74,0.91,65102,0.23,4000
2013-12-04,1903486,26.19,0.9,65102,0.23,4000
2013-12-05,1903486,25.85,0.88,65102,0.24,4000
2013-12-06,1903486,25.58,0.87,65102,0.24,4000
2013-12-09,1903486,25.53,0.87,65102,0.24,4000
2013-12-10,1903486,25.84,0.88,65102,0.24,4000
2013-12-11,1903486,25.97,0.89,65102,0.24,4000
2013-12-12,1903486,25.65,0.88,65102,0.24,4000
2013-12-13,1903486,26.36,0.9,65102,0.23,4000
2013-12-16,1903486,26.57,0.91,65102,0.23,4000
2013-12-17,1903486,26.82,0.92,65102,0.23,4000
2013-12-18,1903486,27.42,0.94,65102,0.22,4000
2013-12-19,1903486,27.25,0.93,65102,0.23,4000
2013-12-20,1903486,27.36,0.94,65102,0.22,4000
2013-12-23,1903486,28.08,0.96,65102,0.22,4000
2013-12-24,1903486,28.19,0.96,65102,0.22,4000
2013-12-26,1903486,28.75,0.98,65102,0.21,4000
2013-12-27,1903486,28.72,0.98,65102,0.21,4000
2013-12-30,1903486,29.37,1.0,65102,0.21,4000
2014-01-02,1903486,28.71,0.98,65102,0.21,4000
2014-01-03,1903486,27.63,0.95,65102,0.22,4000
2014-01-06,1903486,28.79,0.98,65102,0.21,4000
2014-01-07,1903486,28.17,0.96,65102,0.22,4000
2014-01-08,1903486,29.25,1.0,65102,0.21,4000
2014-01-09,1903486,28.29,0.97,65102,0.22,4000
2014-01-10,1903486,28.83,0.99,65102,0.21,4000
2014-01-13,1903486,28.66,0.98,65102,0.21,4000
2014-01-14,1903486,28.22,0.97,65102,0.22,4000
2014-01-15,1903486,29.34,1.0,65102,0.21,4000
2014-01-16,1903486,29.29,1.0,65102,0.21,4000
2014-01-17,1903486,28.8,0.99,65102,0.21,4000
2014-01-20,1903486,28.49,0.97,65102,0.22,4000
2014-01-21,1903486,28.51,0.98,65102,0.22,4000
2014-01-22,1903486,28.2,0.96,65102,0.22,4000
2014-01-23,1903486,27.66,0.95,65102,0.22,4000
2014-01-24,1903486,27.89,0.95,65102,0.22,4000
2014-01-27,1903486,27.93,0.96,65102,0.22,4000
2014-01-28,1903486,27.57,0.94,65102,0.22,4000
2014-01-29,1903486,28.57,0.98,65102,0.22,4000
2014-02-03,1903486,28.56,0.98,65102,0.22,4000
2014-02-04,1903486,28.45,0.97,65102,0.22,4000
2014-02-05,1903486,27.83,0.95,65102,0.22,4000
2014-02-06,1903486,28.54,0.98,65102,0.22,4000
2014-02-07,1903486,27.7,0.95,65102,0.22,4000
2014-02-10,1903486,27.85,0.95,65102,0.22,4000
2014-02-11,1903486,27.94,0.96,65102,0.22,4000
2014-02-12,1903486,27.97,0.96,65102,0.22,4000
2014-02-13,1903486,27.6,0.94,65102,0.22,4000
2014-02-14,1903486,27.82,0.95,65102,0.22,4000
2014-02-17,1903486,27.73,0.95,65102,0.22,4000
2014-02-18,1903486,27.8,0.95,65102,0.22,4000
2014-02-19,1903486,27.7,0.95,65102,0.22,4000
2014-02-20,1903486,27.6,0.94,65102,0.22,4000
2014-02-21,1903486,27.37,0.94,65102,0.22,4000
2014-02-24,1903486,27.37,0.94,65102,0.22,4000
2014-02-25,1903486,28.23,0.97,65102,0.22,4000
2014-02-26,1903486,27.91,0.95,65102,0.22,4000
2014-02-27,1903486,28.25,0.97,65102,0.22,4000
2014-02-28,1903486,27.68,0.95,65102,0.22,4000
2014-03-03,1903486,27.62,0.94,65102,0.22,4000
2014-03-04,1903486,27.59,0.94,65102,0.22,4000
2014-03-05,1903486,27.51,0.94,65102,0.22,4000
2014-03-06,1903486,27.91,0.95,65102,0.22,4000
2014-03-07,1903486,27.99,0.96,65102,0.22,4000
2014-03-10,1903486,27.65,0.95,65102,0.22,4000
2014-03-11,1903486,27.96,0.96,65102,0.22,4000
2014-03-12,1903486,27.4,0.94,65102,0.22,4000
2014-03-13,1903486,27.19,0.93,65102,0.23,4000
2014-03-14,1903486,26.73,0.91,65102,0.23,4000
2014-03-17,1903486,26.94,0.92,65102,0.23,4000
2014-03-18,1903486,26.91,0.92,65102,0.23,4000
2014-03-19,1903486,27.07,0.93,65102,0.23,4000
2014-03-20,1903486,27.19,0.93,65102,0.23,4000
2014-03-21,1903486,27.07,0.93,65102,0.23,4000
2014-03-24,1903486,27.25,0.93,65102,0.23,4000
2014-03-25,1903486,27.74,0.95,65102,0.22,4000
2014-03-26,1903486,27.46,0.94,65102,0.22,4000
2014-03-27,1903486,27.5,0.94,65102,0.22,4000
2014-03-28,1903486,27.65,0.95,65102,0.22,4000
2014-03-31,1903486,28.0,0.96,65102,0.22,4000
2014-04-01,1903486,27.99,0.96,65102,0.22,4000
2014-04-02,1903486,27.96,0.96,65102,0.22,4000
2014-04-03,1903486,27.96,0.96,65102,0.22,4000
2014-04-04,1903486,28.45,0.97,65102,0.22,4000
2014-04-07,1903486,28.36,0.97,65102,0.22,4000
2014-04-08,1903486,28.05,0.96,65102,0.22,4000
2014-04-09,1903486,28.45,0.97,65102,0.22,4000
2014-04-10,1903486,28.57,0.98,65102,0.22,4000
2014-04-11,1903486,28.25,0.97,65102,0.22,4000
2014-04-14,1903486,28.03,0.96,65102,0.22,4000
2014-04-15,1903486,27.94,0.96,65102,0.22,4000
2014-04-16,1903486,27.59,0.94,65102,0.22,4000
2014-04-17,1903486,27.93,0.96,65102,0.22,4000
2014-04-18,1903486,27.65,0.95,65102,0.22,4000
2014-04-21,1903486,27.71,0.95,65102,0.22,4000
2014-04-22,1903486,27.99,0.96,65102,0.22,4000
2014-04-23,1903486,27.51,0.94,65102,0.22,4000
2014-04-24,1903486,27.5,0.94,65102,0.22,4000
2014-04-25,1903486,26.99,0.92,65102,0.23,4000
2014-04-28,1903486,27.03,0.92,65102,0.23,4000
2014-04-29,1903486,27.0,0.92,65102,0.23,4000
2014-04-30,1978599,49.11,0.89,36044,0.23,4000
2014-05-02,1978599,48.44,0.88,36044,0.23,4000
2014-05-07,1978599,47.25,0.86,36044,0.23,4000
2014-05-08,1978599,47.03,0.86,36044,0.24,4000
2014-05-09,1978599,48.0,0.87,36044,0.23,4000
2014-05-12,1978599,47.77,0.87,36044,0.23,4000
2014-05-13,1978599,47.75,0.87,36044,0.23,4000
2014-05-14,1978599,48.16,0.88,36044,0.23,4000
2014-05-15,1978599,48.39,0.88,36044,0.23,4000
2014-05-16,1978599,48.75,0.89,36044,0.23,4000
2014-05-19,1978599,48.0,0.87,36044,0.23,4000
2014-05-20,1978599,48.11,0.88,36044,0.23,4000
2014-05-21,1978599,48.77,0.89,36044,0.23,4000
2014-05-22,1978599,48.77,0.89,36044,0.23,4000
2014-05-23,1978599,48.94,0.89,36044,0.23,4000
2014-05-26,1978599,48.94,0.89,36044,0.23,4000
2014-05-27,1978599,49.41,0.9,36044,0.22,4000
2014-05-28,1978599,50.55,0.92,36044,0.22,4000
2014-05-29,1978599,50.38,0.92,36044,0.22,4000
2014-05-30,1978599,48.86,0.89,36044,0.23,4000
2014-06-02,1978599,49.77,0.91,36044,0.22,4000
2014-06-03,1978599,50.44,0.92,36044,0.22,4000
2014-06-05,1978599,50.77,0.92,36044,0.22,4000
2014-06-09,1978599,50.3,0.92,36044,0.22,4000
2014-06-10,1978599,51.33,0.94,36044,0.22,4000
2014-06-11,1978599,51.88,0.95,36044,0.21,4000
2014-06-12,1978599,50.94,0.93,36044,0.22,4000
2014-06-13,1978599,50.27,0.92,36044,0.22,4000
2014-06-16,1978599,49.72,0.91,36044,0.22,4000
2014-06-17,1978599,50.27,0.92,36044,0.22,4000
2014-06-18,1978599,51.58,0.94,36044,0.22,4000
2014-06-19,1978599,52.02,0.95,36044,0.21,4000
2014-06-20,1978599,50.58,0.92,36044,0.22,4000
2014-06-23,1978599,50.72,0.92,36044,0.22,4000
2014-06-24,1978599,51.27,0.93,36044,0.22,4000
2014-06-25,1978599,51.24,0.93,36044,0.22,4000
2014-06-26,1978599,52.49,0.96,36044,0.21,4000
2014-06-27,1978599,52.96,0.96,36044,0.21,4000
2014-06-30,1978599,53.6,0.98,36044,0.21,4000
2014-07-01,1978599,53.71,0.98,36044,0.21,4000
2014-07-02,1978599,56.1,1.02,36044,0.2,4000
2014-07-03,1978599,54.18,0.99,36044,0.2,4000
2014-07-04,1978599,54.49,0.99,36044,0.2,4000
2014-07-07,1978599,54.93,1.0,36044,0.2,4000
2014-07-08,1978599,55.32,1.01,36044,0.2,4000
2014-07-09,1978599,54.27,0.99,36044,0.2,4000
2014-07-10,1978599,54.43,0.99,36044,0.2,4000
2014-07-11,1978599,54.46,0.99,36044,0.2,4000
2014-07-14,1978599,53.91,0.98,36044,0.21,4000
2014-07-15,1978599,54.35,0.99,36044,0.2,4000
2014-07-16,1978599,54.35,0.99,36044,0.2,4000
2014-07-17,1978599,54.96,1.0,36044,0.2,4000
2014-07-18,1978599,54.43,0.99,36044,0.2,4000
2014-07-21,1978599,54.1,0.99,36044,0.21,4000
2014-07-22,1978599,54.82,1.0,36044,0.2,4000
2014-07-23,1978599,59.26,1.08,36044,0.19,4000
2014-07-24,1978599,57.12,1.04,36044,0.19,4000
2014-07-25,1978599,56.82,1.04,36044,0.2,4000
2014-07-28,1978599,57.76,1.05,36044,0.19,4000
2014-07-29,1978599,57.49,1.05,36044,0.19,4000
2014-07-30,1978599,57.68,1.05,36044,0.19,4000
2014-07-31,1978599,58.12,1.06,36044,0.19,4000
2014-08-01,1978599,59.15,1.08,36044,0.19,4000
2014-08-04,1978599,59.79,1.09,36044,0.19,4000
2014-08-05,1978599,59.57,1.09,36044,0.19,4000
2014-08-06,1978599,60.12,1.1,36044,0.18,4000
2014-08-07,1978599,58.6,1.07,36044,0.19,4000
2014-08-08,1978599,58.26,1.06,36044,0.19,4000
2014-08-11,1978599,58.35,1.06,36044,0.19,4000
2014-08-12,1978599,58.4,1.06,36044,0.19,4000
2014-08-13,1978599,58.68,1.07,36044,0.19,4000
2014-08-14,1978599,58.4,1.06,36044,0.19,4000
2014-08-18,1978599,59.32,1.08,36044,0.19,4000
2014-08-19,1978599,64.37,1.17,36044,0.17,4000
2014-08-20,1978599,62.62,1.14,36044,0.18,4000
2014-08-21,1978599,63.26,1.15,36044,0.18,4000
2014-08-22,1978599,63.59,1.16,36044,0.17,4000
2014-08-25,1978599,63.37,1.15,36044,0.18,4000
2014-08-26,1978599,63.26,1.15,36044,0.18,4000
2014-08-27,1978599,63.17,1.15,36044,0.18,4000
2014-08-28,1978599,61.59,1.12,36044,0.18,4000
2014-08-29,1978599,60.2,1.1,36044,0.18,4000
2014-09-01,1978599,63.39,1.15,36044,0.18,4000
2014-09-02,1978599,60.62,1.1,36044,0.18,4000
2014-09-03,1978599,61.56,1.12,36044,0.18,4000
2014-09-04,1978599,62.42,1.14,36044,0.18,4000
2014-09-05,1978599,61.98,1.13,36044,0.18,4000
2014-09-11,1978599,61.98,1.13,36044,0.18,4000
2014-09-12,1978599,62.73,1.14,36044,0.18,4000
2014-09-15,1978599,62.81,1.14,36044,0.18,4000
2014-09-16,1978599,63.09,1.15,36044,0.18,4000
2014-09-17,1978599,61.87,1.13,36044,0.18,4000
2014-09-18,1978599,61.87,1.13,36044,0.18,4000
2014-09-19,1978599,62.51,1.14,36044,0.18,4000
2014-09-22,1978599,62.92,1.15,36044,0.18,4000
2014-09-23,1978599,61.87,1.13,36044,0.18,4000
2014-09-24,1978599,61.59,1.12,36044,0.18,4000
2014-09-25,1978599,61.81,1.13,36044,0.18,4000
2014-09-26,1978599,61.67,1.12,36044,0.18,4000
2014-09-29,1978599,61.06,1.11,36044,0.18,4000
2014-09-30,1978599,60.45,1.1,36044,0.18,4000
2014-10-01,1978599,59.93,1.09,36044,0.19,4000
2014-10-02,1978599,58.98,1.07,36044,0.19,4000
2014-10-06,1978599,59.29,1.08,36044,0.19,4000
2014-10-07,1978599,59.48,1.08,36044,0.19,4000
2014-10-08,1978599,59.09,1.08,36044,0.19,4000
2014-10-10,1978599,59.7,1.09,36044,0.19,4000
2014-10-13,1978599,58.1,1.06,36044,0.19,4000
2014-10-14,1978599,57.85,1.05,36044,0.19,4000
2014-10-15,1978599,57.01,1.04,36044,0.19,4000
2014-10-16,1978599,56.24,1.02,36044,0.2,4000
2014-10-17,1978599,56.82,1.04,36044,0.2,4000
2014-10-20,1978599,56.4,1.03,36044,0.2,4000
2014-10-21,1978599,57.43,1.05,36044,0.19,4000
2014-10-22,1978599,58.62,1.07,36044,0.19,4000
2014-10-23,1978599,57.71,1.05,36044,0.19,4000
2014-10-24,1978599,57.18,1.04,36044,0.19,4000
2014-10-27,1978599,56.13,1.02,36044,0.2,4000
2014-10-28,1978599,57.21,1.04,36044,0.19,4000
2014-10-29,1978599,56.32,1.03,36044,0.2,4000
2014-10-30,1978599,55.49,1.01,36044,0.2,4000
2014-10-31,1978599,53.32,0.97,36044,0.21,4000
2014-11-03,1978599,53.38,0.97,36044,0.21,4000
2014-11-04,1978599,51.88,0.95,36044,0.21,4000
2014-11-05,1978599,52.71,0.96,36044,0.21,4000
2014-11-06,1978599,52.88,0.96,36044,0.21,4000
2014-11-07,1978599,53.16,0.97,36044,0.21,4000
2014-11-10,1978599,52.88,0.96,36044,0.21,4000
2014-11-11,1978599,55.38,1.01,36044,0.2,4000
2014-11-12,1978599,51.91,0.95,36044,0.21,4000
2014-11-13,1978599,52.63,0.96,36044,0.21,4000
2014-11-14,1978599,52.69,0.96,36044,0.21,4000
2014-11-17,1978599,53.32,0.97,36044,0.21,4000
2014-11-18,1978599,53.93,0.98,36044,0.21,4000
2014-11-19,1978599,54.38,0.99,36044,0.2,4000
2014-11-20,1978599,53.57,0.98,36044,0.21,4000
2014-11-21,1978599,54.16,0.99,36044,0.2,4000
2014-11-24,1978599,53.41,0.97,36044,0.21,4000
2014-11-25,1978599,53.91,0.98,36044,0.21,4000
2014-11-26,1978599,55.04,1.0,36044,0.2,4000
2014-11-27,1978599,54.74,1.0,36044,0.2,4000
2014-11-28,1978599,55.21,1.01,36044,0.2,4000
2014-12-01,1978599,53.35,0.97,36044,0.21,4000
2014-12-02,1978599,54.05,0.98,36044,0.21,4000
2014-12-03,1978599,54.13,0.99,36044,0.21,4000
2014-12-04,1978599,54.46,0.99,36044,0.2,4000
2014-12-05,1978599,54.07,0.99,36044,0.21,4000
2014-12-08,1978599,53.57,0.98,36044,0.21,4000
2014-12-09,1978599,52.94,0.96,36044,0.21,4000
2014-12-10,1978599,52.74,0.96,36044,0.21,4000
2014-12-11,1978599,50.74,0.92,36044,0.22,4000
2014-12-12,1978599,50.36,0.92,36044,0.22,4000
2014-12-15,1978599,50.22,0.91,36044,0.22,4000
2014-12-16,1978599,49.22,0.9,36044,0.23,4000
2014-12-17,1978599,49.22,0.9,36044,0.23,4000
2014-12-18,1978599,49.66,0.9,36044,0.22,4000
2014-12-19,1978599,50.44,0.92,36044,0.22,4000
2014-12-22,1978599,49.8,0.91,36044,0.22,4000
2014-12-23,1978599,50.08,0.91,36044,0.22,4000
2014-12-24,1978599,50.33,0.92,36044,0.22,4000
2014-12-26,1978599,50.22,0.91,36044,0.22,4000
2014-12-29,1978599,49.66,0.9,36044,0.22,4000
2014-12-30,1978599,49.38,0.9,36044,0.22,4000
2015-01-02,1978599,49.11,0.89,36044,0.23,4000
2015-01-05,1978599,48.72,0.89,36044,0.23,4000
2015-01-06,1978599,47.58,0.87,36044,0.23,4000
2015-01-07,1978599,48.0,0.87,36044,0.23,4000
2015-01-08,1978599,48.02,0.87,36044,0.23,4000
2015-01-09,1978599,48.75,0.89,36044,0.23,4000
2015-01-12,1978599,49.74,0.91,36044,0.22,4000
2015-01-13,1978599,49.41,0.9,36044,0.22,4000
2015-01-14,1978599,52.05,0.95,36044,0.21,4000
2015-01-15,1978599,51.33,0.94,36044,0.22,4000
2015-01-16,1978599,52.08,0.95,36044,0.21,4000
2015-01-19,1978599,51.44,0.94,36044,0.22,4000
2015-01-20,1978599,52.6,0.96,36044,0.21,4000
2015-01-21,1978599,52.02,0.95,36044,0.21,4000
2015-01-22,1978599,52.35,0.95,36044,0.21,4000
2015-01-23,1978599,52.24,0.95,36044,0.21,4000
2015-01-26,1978599,51.69,0.94,36044,0.21,4000
2015-01-27,1978599,51.88,0.95,36044,0.21,4000
2015-01-28,1978599,51.83,0.94,36044,0.21,4000
2015-01-29,1978599,51.77,0.94,36044,0.21,4000
2015-01-30,1978599,51.85,0.94,36044,0.21,4000
2015-02-02,1978599,51.6,0.94,36044,0.22,4000
2015-02-03,1978599,51.8,0.94,36044,0.21,4000
2015-02-04,1978599,51.83,0.94,36044,0.21,4000
2015-02-05,1978599,52.38,0.95,36044,0.21,4000
2015-02-06,1978599,52.6,0.96,36044,0.21,4000
2015-02-09,1978599,52.16,0.95,36044,0.21,4000
2015-02-10,1978599,51.6,0.94,36044,0.22,4000
2015-02-11,1978599,51.49,0.94,36044,0.22,4000
2015-02-12,1978599,50.11,0.91,36044,0.22,4000
2015-02-13,1978599,51.16,0.93,36044,0.22,4000
2015-02-16,1978599,51.88,0.95,36044,0.21,4000
2015-02-17,1978599,51.96,0.95,36044,0.21,4000
2015-02-23,1978599,51.85,0.94,36044,0.21,4000
2015-02-24,1978599,51.35,0.94,36044,0.22,4000
2015-02-25,1978599,51.38,0.94,36044,0.22,4000
2015-02-26,1978599,50.52,0.92,36044,0.22,4000
2015-02-27,1978599,50.47,0.92,36044,0.22,4000
2015-03-02,1978599,49.55,0.9,36044,0.22,4000
2015-03-03,1978599,49.94,0.91,36044,0.22,4000
2015-03-04,1978599,49.19,0.9,36044,0.23,4000
2015-03-05,1978599,49.08,0.89,36044,0.23,4000
2015-03-06,1978599,48.97,0.89,36044,0.23,4000
2015-03-09,1978599,49.02,0.89,36044,0.23,4000
2015-03-10,1978599,49.19,0.9,36044,0.23,4000
2015-03-11,1978599,48.27,0.88,36044,0.23,4000
2015-03-12,1978599,47.64,0.87,36044,0.23,4000
2015-03-13,1978599,48.25,0.88,36044,0.23,4000
2015-03-16,1978599,48.0,0.87,36044,0.23,4000
2015-03-17,1978599,49.61,0.9,36044,0.22,4000
2015-03-18,1978599,49.0,0.89,36044,0.23,4000
2015-03-19,1978599,48.83,0.89,36044,0.23,4000
2015-03-20,1978599,49.02,0.89,36044,0.23,4000
2015-03-23,1978599,48.5,0.88,36044,0.23,4000
2015-03-24,1978599,49.25,0.9,36044,0.23,4000
2015-03-25,1978599,49.38,0.9,36044,0.22,4000
2015-03-26,1978599,48.64,0.89,36044,0.23,4000
2015-03-27,1978599,48.94,0.89,36044,0.23,4000
2015-03-30,1978599,49.52,0.9,36044,0.22,4000
2015-03-31,1978599,49.5,0.9,36044,0.22,4000
2015-04-01,1978599,49.52,0.9,36044,0.22,4000
2015-04-02,1978599,49.11,0.89,36044,0.23,4000
2015-04-03,1978599,49.25,0.9,36044,0.23,4000
2015-04-06,1978599,48.77,0.89,36044,0.23,4000
2015-04-07,1978599,48.58,0.88,36044,0.23,4000
2015-04-08,1978599,48.39,0.88,36044,0.23,4000
2015-04-09,1978599,48.22,0.88,36044,0.23,4000
2015-04-10,1978599,48.8,0.89,36044,0.23,4000
2015-04-13,1978599,48.05,0.88,36044,0.23,4000
2015-04-14,1978599,48.25,0.88,36044,0.23,4000
2015-04-15,1978599,49.0,0.89,36044,0.23,4000
2015-04-16,1978599,50.08,0.91,36044,0.22,4000
2015-04-17,1978599,51.77,0.94,36044,0.21,4000
2015-04-20,1978599,51.52,0.94,36044,0.22,4000
2015-04-21,1978599,50.97,0.93,36044,0.22,4000
2015-04-22,1978599,50.22,0.91,36044,0.22,4000
2015-04-23,1978599,50.11,0.91,36044,0.22,4000
2015-04-24,1978599,50.38,0.92,36044,0.22,4000
2015-04-27,1978599,51.83,0.94,36044,0.21,4000
2015-04-28,1978599,51.91,0.95,36044,0.21,4000
2015-04-29,1978599,52.13,0.95,36044,0.21,4000
2015-04-30,1978599,51.74,0.94,36044,0.21,4000
2015-05-04,1746767,0.0,1.07,0,0.28,5200
2015-05-06,1746767,0.0,1.06,0,0.28,5200
2015-05-07,1746767,0.0,1.06,0,0.28,5200
2015-05-08,1746767,0.0,1.06,0,0.28,5200
2015-05-11,1746767,0.0,1.07,0,0.28,5200
2015-05-12,1746767,0.0,1.1,0,0.27,5200
2015-05-13,1746767,0.0,1.14,0,0.26,5200
2015-05-14,1746767,0.0,1.14,0,0.26,5200
2015-05-15,1746767,0.0,1.15,0,0.26,5200
2015-05-18,1746767,0.0,1.22,0,0.24,5200
2015-05-19,1746767,0.0,1.21,0,0.25,5200
2015-05-20,1746767,0.0,1.19,0,0.25,5200
2015-05-21,1746767,0.0,1.19,0,0.25,5200
2015-05-22,1746767,0.0,1.18,0,0.25,5200
2015-05-26,1746767,0.0,1.17,0,0.25,5200
2015-05-27,1746767,0.0,1.15,0,0.26,5200
2015-05-28,1746767,0.0,1.16,0,0.26,5200
2015-05-29,1746767,0.0,1.15,0,0.26,5200
2015-06-01,1746767,0.0,1.17,0,0.25,5200
2015-06-02,1746767,0.0,1.14,0,0.26,5200
2015-06-03,1746767,0.0,1.14,0,0.26,5200
2015-06-04,1746767,0.0,1.13,0,0.26,5200
2015-06-05,1746767,0.0,1.11,0,0.27,5200
2015-06-08,1746767,0.0,1.12,0,0.27,5200
2015-06-09,1746767,0.0,1.14,0,0.26,5200
2015-06-10,1746767,0.0,1.13,0,0.26,5200
2015-06-11,1746767,0.0,1.14,0,0.26,5200
2015-06-12,1746767,0.0,1.14,0,0.26,5200
2015-06-15,1746767,0.0,1.11,0,0.27,5200
2015-06-16,1746767,0.0,1.09,0,0.27,5200
2015-06-17,1746767,0.0,1.1,0,0.27,5200
2015-06-18,1746767,0.0,1.1,0,0.27,5200
2015-06-19,1746767,0.0,1.09,0,0.27,5200
2015-06-22,1746767,0.0,1.1,0,0.27,5200
2015-06-23,1746767,0.0,1.12,0,0.27,5200
2015-06-24,1746767,0.0,1.12,0,0.27,5200
2015-06-25,1746767,0.0,1.12,0,0.27,5200
2015-06-26,1746767,0.0,1.11,0,0.27,5200
2015-06-29,1746767,0.0,1.1,0,0.27,5200
2015-06-30,1746767,0.0,1.11,0,0.27,5200
2015-07-01,1746767,0.0,1.12,0,0.27,5200
2015-07-02,1746767,0.0,1.1,0,0.27,5200
2015-07-03,1746767,0.0,1.11,0,0.27,5200
2015-07-06,1746767,0.0,1.1,0,0.27,5200
2015-07-07,1746767,0.0,1.1,0,0.27,5200
2015-07-08,1746767,0.0,1.08,0,0.27,5200
2015-07-09,1746767,0.0,1.08,0,0.27,5200
2015-07-10,1746767,0.0,1.1,0,0.27,5200
2015-07-13,1746767,0.0,1.1,0,0.27,5200
2015-07-14,1746767,0.0,1.1,0,0.27,5200
2015-07-15,1746767,0.0,1.1,0,0.27,5200
2015-07-16,1746767,0.0,1.09,0,0.27,5200
2015-07-17,1746767,0.0,1.09,0,0.27,5200
2015-07-20,1746767,0.0,1.09,0,0.27,5200
2015-07-21,1746767,0.0,1.1,0,0.27,5200
2015-07-22,1746767,0.0,1.09,0,0.27,5200
2015-07-23,1746767,0.0,1.09,0,0.27,5200
2015-07-24,1746767,0.0,1.07,0,0.28,5200
2015-07-27,1746767,0.0,1.06,0,0.28,5200
2015-07-28,1746767,0.0,1.08,0,0.27,5200
2015-07-29,1746767,0.0,1.13,0,0.26,5200
2015-07-30,1746767,0.0,1.14,0,0.26,5200
2015-07-31,1746767,0.0,1.11,0,0.27,5200
2015-08-03,1746767,0.0,1.1,0,0.27,5200
2015-08-04,1746767,0.0,1.1,0,0.27,5200
2015-08-05,1746767,0.0,1.08,0,0.28,5200
2015-08-06,1746767,0.0,1.01,0,0.29,5200
2015-08-07,1746767,0.0,1.04,0,0.29,5200
2015-08-10,1746767,0.0,1.02,0,0.29,5200
2015-08-11,1746767,0.0,1.11,0,0.27,5200
2015-08-12,1746767,0.0,1.12,0,0.27,5200
2015-08-13,1746767,0.0,1.1,0,0.27,5200
2015-08-17,1746767,0.0,1.11,0,0.27,5200
2015-08-18,1746767,0.0,1.1,0,0.27,5200
2015-08-19,1746767,0.0,1.07,0,0.28,5200
2015-08-20,1746767,0.0,1.07,0,0.28,5200
2015-08-21,1746767,0.0,1.07,0,0.28,5200
2015-08-24,1746767,0.0,1.06,0,0.28,5200
2015-08-25,1746767,0.0,1.06,0,0.28,5200
2015-08-26,1746767,0.0,1.06,0,0.28,5200
2015-08-27,1746767,0.0,1.07,0,0.28,5200
2015-08-28,1746767,0.0,1.08,0,0.28,5200
2015-08-31,1746767,0.0,1.12,0,0.27,5200
2015-09-01,1746767,0.0,1.24,0,0.24,5200
2015-09-02,1746767,0.0,1.24,0,0.24,5200
2015-09-03,1746767,0.0,1.24,0,0.24,5200
2015-09-04,1746767,0.0,1.24,0,0.24,5200
2015-09-07,1746767,0.0,1.19,0,0.25,5200
2015-09-08,1746767,0.0,1.17,0,0.25,5200
2015-09-09,1746767,0.0,1.19,0,0.25,5200
2015-09-10,1746767,0.0,1.2,0,0.25,5200
2015-09-11,1746767,0.0,1.21,0,0.25,5200
2015-09-14,1746767,0.0,1.19,0,0.25,5200
2015-09-15,1746767,0.0,1.21,0,0.25,5200
2015-09-16,1746767,0.0,1.22,0,0.24,5200
2015-09-17,1746767,0.0,1.21,0,0.25,5200
2015-09-18,1746767,0.0,1.28,0,0.23,5200
2015-09-21,1746767,0.0,1.25,0,0.24,5200
2015-09-22,1746767,0.0,1.27,0,0.23,5200
2015-09-23,1746767,0.0,1.26,0,0.24,5200
2015-09-24,1746767,0.0,1.26,0,0.24,5200
2015-09-25,1746767,0.0,1.25,0,0.24,5200
2015-09-30,1746767,0.0,1.26,0,0.24,5200
2015-10-01,1746767,0.0,1.25,0,0.24,5200
2015-10-02,1746767,0.0,1.23,0,0.24,5200
2015-10-05,1746767,0.0,1.23,0,0.24,5200
2015-10-06,1746767,0.0,1.22,0,0.24,5200
2015-10-07,1746767,0.0,1.21,0,0.25,5200
2015-10-08,1746767,0.0,1.22,0,0.24,5200
2015-10-12,1746767,0.0,1.21,0,0.25,5200
2015-10-13,1746767,0.0,1.18,0,0.25,5200
2015-10-14,1746767,0.0,1.19,0,0.25,5200
2015-10-15,1746767,0.0,1.2,0,0.25,5200
2015-10-16,1746767,0.0,1.2,0,0.25,5200
2015-10-19,1746767,0.0,1.17,0,0.25,5200
2015-10-20,1746767,0.0,1.18,0,0.25,5200
2015-10-21,1746767,0.0,1.19,0,0.25,5200
2015-10-22,1746767,0.0,1.18,0,0.25,5200
2015-10-23,1746767,0.0,1.18,0,0.25,5200
2015-10-26,1746767,0.0,1.17,0,0.25,5200
2015-10-27,1746767,0.0,1.14,0,0.26,5200
2015-10-28,1746767,0.0,1.16,0,0.26,5200
2015-10-29,1746767,0.0,1.13,0,0.26,5200
2015-10-30,1746767,0.0,1.14,0,0.26,5200
2015-11-02,1746767,0.0,1.15,0,0.26,5200
2015-11-03,1746767,0.0,1.15,0,0.26,5200
2015-11-04,1746767,0.0,1.16,0,0.26,5200
2015-11-05,1746767,0.0,1.16,0,0.26,5200
2015-11-06,1746767,0.0,1.16,0,0.26,5200
2015-11-09,1746767,0.0,1.13,0,0.26,5200
2015-11-10,1746767,0.0,1.11,0,0.27,5200
2015-11-11,1746767,0.0,1.13,0,0.26,5200
2015-11-12,1746767,0.0,1.13,0,0.26,5200
2015-11-13,1746767,0.0,1.14,0,0.26,5200
2015-11-16,1746767,0.0,1.1,0,0.27,5200
2015-11-17,1746767,0.0,1.11,0,0.27,5200
2015-11-18,1746767,0.0,1.09,0,0.27,5200
2015-11-19,1746767,0.0,1.1,0,0.27,5200
2015-11-20,1746767,0.0,1.1,0,0.27,5200
2015-11-23,1746767,0.0,1.11,0,0.27,5200
2015-11-24,1746767,0.0,1.13,0,0.26,5200
2015-11-25,1746767,0.0,1.13,0,0.26,5200
2015-11-26,1746767,0.0,1.13,0,0.26,5200
2015-11-27,1746767,0.0,1.14,0,0.26,5200
2015-11-30,1746767,0.0,1.12,0,0.27,5200
2015-12-01,1746767,0.0,1.14,0,0.26,5200
2015-12-02,1746767,0.0,1.16,0,0.26,5200
2015-12-03,1746767,0.0,1.14,0,0.26,5200
2015-12-04,1746767,0.0,1.12,0,0.27,5200
2015-12-07,1746767,0.0,1.16,0,0.26,5200
2015-12-08,1746767,0.0,1.2,0,0.25,5200
2015-12-09,1746767,0.0,1.29,0,0.23,5200
2015-12-10,1746767,0.0,1.28,0,0.23,5200
2015-12-11,1746767,0.0,1.27,0,0.24,5200
2015-12-14,1746767,0.0,1.26,0,0.24,5200
2015-12-15,1746767,0.0,1.25,0,0.24,5200
2015-12-16,1746767,0.0,1.25,0,0.24,5200
2015-12-17,1746767,0.0,1.25,0,0.24,5200
2015-12-18,1746767,0.0,1.27,0,0.23,5200
2015-12-21,1746767,0.0,1.27,0,0.23,5200
2015-12-22,1746767,0.0,1.27,0,0.23,5200
2015-12-23,1746767,0.0,1.28,0,0.23,5200
2015-12-24,1746767,0.0,1.27,0,0.23,5200
2015-12-28,1746767,0.0,1.3,0,0.23,5200
2015-12-29,1746767,0.0,1.26,0,0.24,5200
2015-12-30,1746767,0.0,1.3,0,0.23,5200
2016-01-04,1746767,0.0,1.31,0,0.23,5200
2016-01-05,1746767,0.0,1.3,0,0.23,5200
2016-01-06,1746767,0.0,1.3,0,0.23,5200
2016-01-07,1746767,0.0,1.3,0,0.23,5200
2016-01-08,1746767,0.0,1.29,0,0.23,5200
2016-01-11,1746767,0.0,1.31,0,0.23,5200
2016-01-12,1746767,0.0,1.31,0,0.23,5200
2016-01-13,1746767,0.0,1.33,0,0.22,5200
2016-01-14,1746767,0.0,1.32,0,0.23,5200
2016-01-15,1746767,0.0,1.3,0,0.23,5200
2016-01-18,1746767,0.0,1.29,0,0.23,5200
2016-01-19,1746767,0.0,1.3,0,0.23,5200
2016-01-20,1746767,0.0,1.26,0,0.24,5200
2016-01-21,1746767,0.0,1.29,0,0.23,5200
2016-01-22,1746767,0.0,1.33,0,0.22,5200
2016-01-25,1746767,0.0,1.32,0,0.23,5200
2016-01-26,1746767,0.0,1.29,0,0.23,5200
2016-01-27,1746767,0.0,1.31,0,0.23,5200
2016-01-28,1746767,0.0,1.35,0,0.22,5200
2016-01-29,1746767,0.0,1.38,0,0.22,5200
2016-02-01,1746767,0.0,1.4,0,0.21,5200
2016-02-02,1746767,0.0,1.42,0,0.21,5200
2016-02-03,1746767,0.0,1.39,0,0.21,5200
2016-02-04,1746767,0.0,1.4,0,0.21,5200
2016-02-05,1746767,0.0,1.39,0,0.21,5200
2016-02-11,1746767,0.0,1.41,0,0.21,5200
2016-02-12,1746767,0.0,1.35,0,0.22,5200
2016-02-15,1746767,0.0,1.36,0,0.22,5200
2016-02-16,1746767,0.0,1.36,0,0.22,5200
2016-02-17,1746767,0.0,1.38,0,0.22,5200
2016-02-18,1746767,0.0,1.43,0,0.21,5200
2016-02-19,1746767,0.0,1.39,0,0.21,5200
2016-02-22,1746767,0.0,1.41,0,0.21,5200
2016-02-23,1746767,0.0,1.41,0,0.21,5200
2016-02-24,1746767,0.0,1.4,0,0.21,5200
2016-02-25,1746767,0.0,1.41,0,0.21,5200
2016-02-26,1746767,0.0,1.42,0,0.21,5200
2016-02-29,1746767,0.0,1.37,0,0.22,5200
2016-03-02,1746767,0.0,1.39,0,0.21,5200
2016-03-03,1746767,0.0,1.36,0,0.22,5200
2016-03-04,1746767,0.0,1.36,0,0.22,5200
2016-03-07,1746767,0.0,1.39,0,0.21,5200
2016-03-08,1746767,0.0,1.47,0,0.2,5200
2016-03-09,1746767,0.0,1.61,0,0.19,5200
2016-03-10,1746767,0.0,1.57,0,0.19,5200
2016-03-11,1746767,0.0,1.51,0,0.2,5200
2016-03-14,1746767,0.0,1.5,0,0.2,5200
2016-03-15,1746767,0.0,1.5,0,0.2,5200
2016-03-16,1746767,0.0,1.5,0,0.2,5200
2016-03-17,1746767,0.0,1.49,0,0.2,5200
2016-03-18,1746767,0.0,1.49,0,0.2,5200
2016-03-21,1746767,0.0,1.48,0,0.2,5200
2016-03-22,1746767,0.0,1.49,0,0.2,5200
2016-03-23,1746767,0.0,1.48,0,0.2,5200
2016-03-24,1746767,0.0,1.48,0,0.2,5200
2016-03-25,1746767,0.0,1.5,0,0.2,5200
2016-03-28,1746767,0.0,1.48,0,0.2,5200
2016-03-29,1746767,0.0,1.48,0,0.2,5200
2016-03-30,1746767,0.0,1.5,0,0.2,5200
2016-03-31,1746767,0.0,1.47,0,0.2,5200
2016-04-01,1746767,0.0,1.46,0,0.2,5200
2016-04-04,1746767,0.0,1.43,0,0.21,5200
2016-04-05,1746767,0.0,1.43,0,0.21,5200
2016-04-06,1746767,0.0,1.42,0,0.21,5200
2016-04-07,1746767,0.0,1.43,0,0.21,5200
2016-04-08,1746767,0.0,1.43,0,0.21,5200
2016-04-11,1746767,0.0,1.4,0,0.21,5200
2016-04-12,1746767,0.0,1.4,0,0.21,5200
2016-04-14,1746767,0.0,1.4,0,0.21,5200
2016-04-15,1746767,0.0,1.39,0,0.21,5200
2016-04-18,1746767,0.0,1.38,0,0.22,5200
2016-04-19,1746767,0.0,1.38,0,0.22,5200
2016-04-20,1746767,0.0,1.38,0,0.22,5200
2016-04-21,1746767,0.0,1.38,0,0.22,5200
2016-04-22,1746767,0.0,1.39,0,0.21,5200
2016-04-25,1746767,0.0,1.4,0,0.21,5200
2016-04-26,1746767,0.0,1.43,0,0.21,5200
2016-04-27,1746767,0.0,1.43,0,0.21,5200
2016-04-28,1746767,0.0,1.43,0,0.21,5200
2016-04-29,1746767,0.0,1.43,0,0.21,5200
2016-05-02,1820200,46.73,1.37,53452,0.45,11270
2016-05-03,1820200,46.73,1.37,53452,0.45,11270
2016-05-04,1820200,46.73,1.37,53452,0.45,11270
2016-05-09,1820200,46.73,1.37,53452,0.45,11270
2016-05-10,1820200,46.73,1.37,53452,0.45,11270
2016-05-11,1820200,46.73,1.37,53452,0.45,11270
2016-05-12,1820200,46.73,1.37,53452,0.45,11270
2016-05-13,1820200,46.73,1.37,53452,0.45,11270
2016-05-16,1820200,46.73,1.37,53452,0.45,11270
2016-05-17,182166,48.61,1.43,5349,0.43,1127
2016-05-18,182166,48.61,1.43,5349,0.43,1127
2016-05-19,182166,46.18,1.36,5349,0.46,1127
2016-05-20,182166,44.77,1.31,5349,0.47,1127
2016-05-23,182166,45.24,1.33,5349,0.47,1127
2016-05-24,182166,44.31,1.3,5349,0.48,1127
2016-05-25,182166,43.75,1.28,5349,0.48,1127
2016-05-26,182166,42.44,1.25,5349,0.5,1127
2016-05-27,182166,42.62,1.25,5349,0.49,1127
2016-05-30,182166,42.72,1.25,5349,0.49,1127
2016-05-31,182166,40.57,1.19,5349,0.52,1127
2016-06-01,182166,40.47,1.19,5349,0.52,1127
2016-06-02,182166,39.35,1.16,5349,0.54,1127
2016-06-03,182166,38.7,1.14,5349,0.54,1127
2016-06-07,182166,39.17,1.15,5349,0.54,1127
2016-06-08,182166,39.82,1.17,5349,0.53,1127
2016-06-09,182166,39.17,1.15,5349,0.54,1127
2016-06-10,182166,39.17,1.15,5349,0.54,1127
2016-06-13,182166,36.83,1.08,5349,0.57,1127
2016-06-14,182166,35.89,1.05,5349,0.59,1127
2016-06-15,182166,35.99,1.06,5349,0.59,1127
2016-06-16,182166,35.61,1.05,5349,0.59,1127
2016-06-17,182166,35.89,1.05,5349,0.59,1127
2016-06-20,182166,35.8,1.05,5349,0.59,1127
2016-06-21,182166,36.17,1.06,5349,0.58,1127
2016-06-22,182166,37.58,1.1,5349,0.56,1127
2016-06-23,182166,37.3,1.1,5349,0.56,1127
2016-06-24,182166,36.55,1.07,5349,0.58,1127
2016-06-27,182166,36.17,1.06,5349,0.58,1127
2016-06-28,182166,36.83,1.08,5349,0.57,1127
2016-06-29,182166,36.74,1.08,5349,0.57,1127
2016-06-30,182166,36.55,1.07,5349,0.58,1127
2016-07-01,182166,36.92,1.08,5349,0.57,1127
2016-07-04,182166,36.27,1.06,5349,0.58,1127
2016-07-05,182166,36.08,1.06,5349,0.58,1127
2016-07-06,182166,35.71,1.05,5349,0.59,1127
2016-07-07,182166,35.71,1.05,5349,0.59,1127
2016-07-08,182166,35.33,1.04,5349,0.6,1127
2016-07-11,182166,35.61,1.05,5349,0.59,1127
2016-07-12,182166,35.33,1.04,5349,0.6,1127
2016-07-13,182166,35.8,1.05,5349,0.59,1127
2016-07-14,182166,35.8,1.05,5349,0.59,1127
2016-07-15,182166,35.71,1.05,5349,0.59,1127
2016-07-18,182166,35.71,1.05,5349,0.59,1127
2016-07-19,182166,35.33,1.04,5349,0.6,1127
2016-07-20,182166,35.05,1.03,5349,0.6,1127
2016-07-21,182166,34.4,1.01,5349,0.61,1127
2016-07-22,182166,34.31,1.01,5349,0.61,1127
2016-07-25,182166,35.05,1.03,5349,0.6,1127
2016-07-26,182166,35.52,1.04,5349,0.59,1127
2016-07-27,182166,36.08,1.06,5349,0.58,1127
2016-07-28,182166,35.61,1.05,5349,0.59,1127
2016-07-29,182166,35.43,1.04,5349,0.59,1127
2016-08-01,182166,35.15,1.03,5349,0.6,1127
2016-08-02,182166,34.77,1.02,5349,0.61,1127
2016-08-03,182166,34.59,1.02,5349,0.61,1127
2016-08-04,182166,34.49,1.01,5349,0.61,1127
2016-08-05,182166,33.93,1.0,5349,0.62,1127
2016-08-08,182166,34.03,1.0,5349,0.62,1127
2016-08-09,182166,34.77,1.02,5349,0.61,1127
2016-08-10,182166,35.33,1.04,5349,0.6,1127
2016-08-11,182166,35.52,1.04,5349,0.59,1127
2016-08-12,182166,35.43,1.04,5349,0.59,1127
2016-08-16,182166,35.43,1.04,5349,0.59,1127
2016-08-17,182166,34.21,1.0,5349,0.62,1127
2016-08-18,182166,33.65,0.99,5349,0.63,1127
2016-08-19,182166,32.81,0.96,5349,0.64,1127
2016-08-22,182166,31.97,0.94,5349,0.66,1127
2016-08-23,182166,32.53,0.96,5349,0.65,1127
2016-08-24,182166,32.06,0.94,5349,0.66,1127
2016-08-25,182166,32.25,0.95,5349,0.65,1127
2016-08-26,182166,33.18,0.97,5349,0.63,1127
2016-08-29,182166,32.25,0.95,5349,0.65,1127
2016-08-30,182166,32.16,0.94,5349,0.66,1127
2016-08-31,182166,31.69,0.93,5349,0.66,1127
2016-09-01,182166,31.41,0.92,5349,0.67,1127
2016-09-02,182166,31.69,0.93,5349,0.66,1127
2016-09-05,182166,31.97,0.94,5349,0.66,1127
2016-09-06,182166,31.97,0.94,5349,0.66,1127
2016-09-07,182166,31.69,0.93,5349,0.66,1127
2016-09-08,182166,31.78,0.93,5349,0.66,1127
2016-09-09,182166,31.5,0.92,5349,0.67,1127
2016-09-12,182166,30.85,0.91,5349,0.68,1127
2016-09-13,182166,30.29,0.89,5349,0.7,1127
2016-09-19,182166,30.85,0.91,5349,0.68,1127
2016-09-20,182166,31.59,0.93,5349,0.67,1127
2016-09-21,182166,32.62,0.96,5349,0.65,1127
2016-09-22,182166,32.81,0.96,5349,0.64,1127
2016-09-23,182166,33.28,0.98,5349,0.63,1127
2016-09-26,182166,32.34,0.95,5349,0.65,1127
2016-09-27,182166,32.44,0.95,5349,0.65,1127
2016-09-28,182166,32.44,0.95,5349,0.65,1127
2016-09-29,182166,33.65,0.99,5349,0.63,1127
2016-09-30,182166,32.9,0.97,5349,0.64,1127
2016-10-04,182166,33.65,0.99,5349,0.63,1127
2016-10-05,182166,33.84,0.99,5349,0.62,1127
2016-10-06,182166,34.03,1.0,5349,0.62,1127
2016-10-07,182166,33.84,0.99,5349,0.62,1127
2016-10-10,182166,33.84,0.99,5349,0.62,1127
2016-10-11,182166,33.28,0.98,5349,0.63,1127
2016-10-12,182166,32.81,0.96,5349,0.64,1127
2016-10-13,182166,32.34,0.95,5349,0.65,1127
2016-10-14,182166,32.34,0.95,5349,0.65,1127
2016-10-17,182166,32.53,0.96,5349,0.65,1127
2016-10-18,182166,32.62,0.96,5349,0.65,1127
2016-10-19,182166,32.44,0.95,5349,0.65,1127
2016-10-20,182166,32.34,0.95,5349,0.65,1127
2016-10-21,182166,32.72,0.96,5349,0.64,1127
2016-10-24,182166,33.74,0.99,5349,0.62,1127
2016-10-25,182166,36.36,1.07,5349,0.58,1127
2016-10-26,182166,35.89,1.05,5349,0.59,1127
2016-10-27,182166,36.27,1.06,5349,0.58,1127
2016-10-28,182166,36.17,1.06,5349,0.58,1127
2016-10-31,182166,35.89,1.05,5349,0.59,1127
2016-11-01,182166,35.43,1.04,5349,0.59,1127
2016-11-02,182166,34.31,1.01,5349,0.61,1127
2016-11-03,182166,34.77,1.02,5349,0.61,1127
2016-11-04,182166,34.96,1.03,5349,0.6,1127
2016-11-07,182166,35.71,1.05,5349,0.59,1127
2016-11-08,182166,35.99,1.06,5349,0.59,1127
2016-11-09,182166,35.71,1.05,5349,0.59,1127
2016-11-10,182166,35.89,1.05,5349,0.59,1127
2016-11-11,182166,35.05,1.03,5349,0.6,1127
2016-11-14,182166,34.87,1.02,5349,0.6,1127
2016-11-15,182166,35.52,1.04,5349,0.59,1127
2016-11-16,182166,35.61,1.05,5349,0.59,1127
2016-11-17,182166,35.24,1.03,5349,0.6,1127
2016-11-18,182166,34.68,1.02,5349,0.61,1127
2016-11-21,182166,33.84,0.99,5349,0.62,1127
2016-11-22,182166,34.12,1.0,5349,0.62,1127
2016-11-23,182166,33.93,1.0,5349,0.62,1127
2016-11-24,182166,33.09,0.97,5349,0.64,1127
2016-11-25,182166,32.44,0.95,5349,0.65,1127
2016-11-28,182166,33.0,0.97,5349,0.64,1127
2016-11-29,182166,33.93,1.0,5349,0.62,1127
2016-11-30,182166,33.37,0.98,5349,0.63,1127
2016-12-01,182166,33.28,0.98,5349,0.63,1127
2016-12-02,182166,33.18,0.97,5349,0.63,1127
2016-12-05,182166,32.53,0.96,5349,0.65,1127
2016-12-06,182166,32.62,0.96,5349,0.65,1127
2016-12-07,182166,32.9,0.97,5349,0.64,1127
2016-12-08,182166,34.12,1.0,5349,0.62,1127
2016-12-09,182166,33.56,0.99,5349,0.63,1127
2016-12-12,182166,34.21,1.0,5349,0.62,1127
2016-12-13,182166,34.59,1.02,5349,0.61,1127
2016-12-14,182166,33.74,0.99,5349,0.62,1127
2016-12-15,182166,34.31,1.01,5349,0.61,1127
2016-12-16,182166,34.4,1.01,5349,0.61,1127
2016-12-19,182166,34.21,1.0,5349,0.62,1127
2016-12-20,182166,33.65,0.99,5349,0.63,1127
2016-12-21,182166,33.46,0.98,5349,0.63,1127
2016-12-22,182166,33.93,1.0,5349,0.62,1127
2016-12-23,182166,34.21,1.0,5349,0.62,1127
2016-12-26,182166,33.18,0.97,5349,0.63,1127
2016-12-27,182166,33.37,0.98,5349,0.63,1127
2016-12-28,182166,33.09,0.97,5349,0.64,1127
2016-12-29,182166,33.37,0.98,5349,0.63,1127
2017-01-02,182166,32.9,0.97,5349,0.64,1127
2017-01-03,182166,32.72,0.96,5349,0.64,1127
2017-01-04,182166,32.44,0.95,5349,0.65,1127
2017-01-05,182166,32.81,0.96,5349,0.64,1127
2017-01-06,182166,32.53,0.96,5349,0.65,1127
2017-01-09,182166,32.9,0.97,5349,0.64,1127
2017-01-10,182166,32.25,0.95,5349,0.65,1127
2017-01-11,182166,32.25,0.95,5349,0.65,1127
2017-01-12,182166,32.44,0.95,5349,0.65,1127
2017-01-13,182166,32.34,0.95,5349,0.65,1127
2017-01-16,182166,32.25,0.95,5349,0.65,1127
2017-01-17,182166,32.34,0.95,5349,0.65,1127
2017-01-18,182166,32.44,0.95,5349,0.65,1127
2017-01-19,182166,33.18,0.97,5349,0.63,1127
2017-01-20,182166,36.46,1.07,5349,0.58,1127
2017-01-23,182166,37.02,1.09,5349,0.57,1127
2017-01-24,182166,37.11,1.09,5349,0.57,1127
2017-01-25,182166,36.36,1.07,5349,0.58,1127
2017-01-26,182166,38.32,1.13,5349,0.55,1127
2017-01-31,182166,38.14,1.12,5349,0.55,1127
2017-02-01,182166,40.19,1.18,5349,0.52,1127
2017-02-02,182166,42.53,1.25,5349,0.5,1127
2017-02-03,182166,41.69,1.22,5349,0.51,1127
2017-02-06,182166,41.13,1.21,5349,0.51,1127
2017-02-07,182166,39.82,1.17,5349,0.53,1127
2017-02-08,182166,40.1,1.18,5349,0.53,1127
2017-02-09,182166,40.1,1.18,5349,0.53,1127
2017-02-10,182166,40.76,1.2,5349,0.52,1127
2017-02-13,182166,40.85,1.2,5349,0.52,1127
2017-02-14,182166,40.66,1.19,5349,0.52,1127
2017-02-15,182166,41.04,1.2,5349,0.51,1127
2017-02-16,182166,40.38,1.19,5349,0.52,1127
2017-02-17,182166,39.17,1.15,5349,0.54,1127
2017-02-20,182166,37.86,1.11,5349,0.56,1127
2017-02-21,182166,38.7,1.14,5349,0.54,1127
2017-02-22,182166,38.04,1.12,5349,0.55,1127
2017-02-23,182166,37.76,1.11,5349,0.56,1127
2017-02-24,182166,38.04,1.12,5349,0.55,1127
2017-02-27,182166,37.58,1.1,5349,0.56,1127
2017-02-28,182166,36.55,1.07,5349,0.58,1127
2017-03-02,182166,35.52,1.04,5349,0.59,1127
2017-03-03,182166,36.74,1.08,5349,0.57,1127
2017-03-06,182166,36.36,1.07,5349,0.58,1127
2017-03-07,182166,37.86,1.11,5349,0.56,1127
2017-03-08,182166,36.27,1.06,5349,0.58,1127
2017-03-09,182166,36.17,1.06,5349,0.58,1127
2017-03-10,182166,36.36,1.07,5349,0.58,1127
2017-03-13,182166,36.64,1.08,5349,0.58,1127
2017-03-14,182166,36.08,1.06,5349,0.58,1127
2017-03-15,182166,36.64,1.08,5349,0.58,1127
2017-03-16,182166,36.55,1.07,5349,0.58,1127
2017-03-17,182166,36.92,1.08,5349,0.57,1127
2017-03-20,182166,36.36,1.07,5349,0.58,1127
2017-03-21,182166,36.27,1.06,5349,0.58,1127
2017-03-22,182166,36.36,1.07,5349,0.58,1127
2017-03-23,182166,36.08,1.06,5349,0.58,1127
2017-03-24,182166,36.55,1.07,5349,0.58,1127
2017-03-27,182166,36.74,1.08,5349,0.57,1127
2017-03-28,182166,37.58,1.1,5349,0.56,1127
2017-03-29,182166,37.2,1.09,5349,0.57,1127
2017-03-30,182166,36.27,1.06,5349,0.58,1127
2017-03-31,182166,35.89,1.05,5349,0.59,1127
2017-04-03,182166,36.46,1.07,5349,0.58,1127
2017-04-04,182166,36.17,1.06,5349,0.58,1127
2017-04-05,182166,36.64,1.08,5349,0.58,1127
2017-04-06,182166,36.17,1.06,5349,0.58,1127
2017-04-07,182166,36.27,1.06,5349,0.58,1127
2017-04-10,182166,35.71,1.05,5349,0.59,1127
2017-04-11,182166,35.8,1.05,5349,0.59,1127
2017-04-12,182166,35.33,1.04,5349,0.6,1127
2017-04-13,182166,35.61,1.05,5349,0.59,1127
2017-04-14,182166,35.61,1.05,5349,0.59,1127
2017-04-17,182166,36.55,1.07,5349,0.58,1127
2017-04-18,182166,36.36,1.07,5349,0.58,1127
2017-04-19,182166,36.08,1.06,5349,0.58,1127
2017-04-20,182166,39.07,1.15,5349,0.54,1127
2017-04-21,182166,39.54,1.16,5349,0.53,1127
2017-04-24,182166,40.01,1.17,5349,0.53,1127
2017-04-25,182166,40.19,1.18,5349,0.52,1127
2017-04-26,182166,40.1,1.18,5349,0.53,1127
2017-04-27,182166,39.91,1.17,5349,0.53,1127
2017-04-28,182166,38.32,1.13,5349,0.55,1127
2017-05-02,171843,42.35,1.21,4911,0.54,1130
2017-05-04,171843,42.66,1.22,4911,0.54,1130
2017-05-08,171843,43.37,1.24,4911,0.53,1130
2017-05-10,171843,43.07,1.23,4911,0.53,1130
2017-05-11,171843,44.39,1.27,4911,0.52,1130
2017-05-12,171843,43.98,1.26,4911,0.52,1130
2017-05-15,171843,43.47,1.24,4911,0.53,1130
2017-05-16,171843,43.78,1.25,4911,0.53,1130
2017-05-17,171843,43.68,1.25,4911,0.53,1130
2017-05-18,171843,43.98,1.26,4911,0.52,1130
2017-05-19,171843,43.58,1.25,4911,0.53,1130
2017-05-22,171843,43.78,1.25,4911,0.53,1130
2017-05-23,171843,42.86,1.22,4911,0.54,1130
2017-05-24,171843,43.17,1.23,4911,0.53,1130
2017-05-25,171843,43.27,1.24,4911,0.53,1130
2017-05-26,171843,43.47,1.24,4911,0.53,1130
2017-05-29,171843,43.68,1.25,4911,0.53,1130
2017-05-30,171843,43.78,1.25,4911,0.53,1130
2017-05-31,171843,44.8,1.28,4911,0.51,1130
2017-06-01,171843,44.19,1.26,4911,0.52,1130
2017-06-02,171843,44.19,1.26,4911,0.52,1130
2017-06-05,171843,43.58,1.25,4911,0.53,1130
2017-06-07,171843,43.37,1.24,4911,0.53,1130
2017-06-08,171843,43.78,1.25,4911,0.53,1130
2017-06-09,171843,43.47,1.24,4911,0.53,1130
2017-06-12,171843,42.46,1.21,4911,0.54,1130
2017-06-13,171843,42.46,1.21,4911,0.54,1130
2017-06-14,171843,42.76,1.22,4911,0.54,1130
2017-06-15,171843,42.05,1.2,4911,0.55,1130
2017-06-16,171843,42.15,1.2,4911,0.55,1130
2017-06-19,171843,42.05,1.2,4911,0.55,1130
2017-06-20,171843,40.93,1.17,4911,0.56,1130
2017-06-21,171843,40.72,1.16,4911,0.57,1130
2017-06-22,171843,40.22,1.15,4911,0.57,1130
2017-06-23,171843,41.23,1.18,4911,0.56,1130
2017-06-26,171843,40.42,1.16,4911,0.57,1130
2017-06-27,171843,40.62,1.16,4911,0.57,1130
2017-06-28,171843,40.22,1.15,4911,0.57,1130
2017-06-29,171843,40.11,1.15,4911,0.57,1130
2017-06-30,171843,40.32,1.15,4911,0.57,1130
2017-07-03,171843,40.42,1.16,4911,0.57,1130
2017-07-04,171843,40.22,1.15,4911,0.57,1130
2017-07-05,171843,40.11,1.15,4911,0.57,1130
2017-07-06,171843,39.91,1.14,4911,0.58,1130
2017-07-07,171843,40.01,1.14,4911,0.58,1130
2017-07-10,171843,39.71,1.13,4911,0.58,1130
2017-07-11,171843,40.22,1.15,4911,0.57,1130
2017-07-12,171843,39.91,1.14,4911,0.58,1130
2017-07-13,171843,39.6,1.13,4911,0.58,1130
2017-07-14,171843,39.91,1.14,4911,0.58,1130
2017-07-17,171843,40.22,1.15,4911,0.57,1130
2017-07-18,171843,40.42,1.16,4911,0.57,1130
2017-07-19,171843,40.72,1.16,4911,0.57,1130
2017-07-20,171843,40.52,1.16,4911,0.57,1130
2017-07-21,171843,40.62,1.16,4911,0.57,1130
2017-07-24,171843,40.72,1.16,4911,0.57,1130
2017-07-25,171843,41.54,1.19,4911,0.55,1130
2017-07-26,171843,41.54,1.19,4911,0.55,1130
2017-07-27,171843,42.25,1.21,4911,0.54,1130
2017-07-28,171843,41.95,1.2,4911,0.55,1130
2017-07-31,171843,41.44,1.18,4911,0.56,1130
2017-08-01,171843,41.03,1.17,4911,0.56,1130
2017-08-02,171843,40.93,1.17,4911,0.56,1130
2017-08-03,171843,40.52,1.16,4911,0.57,1130
2017-08-04,171843,40.72,1.16,4911,0.57,1130
2017-08-07,171843,40.62,1.16,4911,0.57,1130
2017-08-08,171843,40.62,1.16,4911,0.57,1130
2017-08-09,171843,40.32,1.15,4911,0.57,1130
2017-08-10,171843,41.03,1.17,4911,0.56,1130
2017-08-11,171843,40.83,1.17,4911,0.56,1130
2017-08-14,171843,40.32,1.15,4911,0.57,1130
2017-08-16,171843,40.01,1.14,4911,0.58,1130
2017-08-17,171843,40.42,1.16,4911,0.57,1130
2017-08-18,171843,39.71,1.13,4911,0.58,1130
2017-08-21,171843,39.2,1.12,4911,0.59,1130
2017-08-22,171843,39.4,1.13,4911,0.58,1130
2017-08-23,171843,39.2,1.12,4911,0.59,1130
2017-08-24,171843,40.11,1.15,4911,0.57,1130
2017-08-25,171843,40.01,1.14,4911,0.58,1130
2017-08-28,171843,40.93,1.17,4911,0.56,1130
2017-08-29,171843,40.83,1.17,4911,0.56,1130
2017-08-30,171843,40.83,1.17,4911,0.56,1130
2017-08-31,171843,40.22,1.15,4911,0.57,1130
2017-09-01,171843,39.6,1.13,4911,0.58,1130
2017-09-04,171843,39.4,1.13,4911,0.58,1130
2017-09-05,171843,40.42,1.16,4911,0.57,1130
2017-09-06,171843,40.11,1.15,4911,0.57,1130
2017-09-07,171843,39.81,1.14,4911,0.58,1130
2017-09-08,171843,40.42,1.16,4911,0.57,1130
2017-09-11,171843,40.42,1.16,4911,0.57,1130
2017-09-12,171843,40.93,1.17,4911,0.56,1130
2017-09-13,171843,40.42,1.16,4911,0.57,1130
2017-09-14,171843,40.93,1.17,4911,0.56,1130
2017-09-15,171843,41.13,1.18,4911,0.56,1130
2017-09-18,171843,40.42,1.16,4911,0.57,1130
2017-09-19,171843,39.6,1.13,4911,0.58,1130
2017-09-20,171843,39.5,1.13,4911,0.58,1130
2017-09-21,171843,38.79,1.11,4911,0.59,1130
2017-09-22,171843,38.49,1.1,4911,0.6,1130
2017-09-25,171843,35.13,1.0,4911,0.66,1130
2017-09-26,171843,35.63,1.02,4911,0.65,1130
2017-09-27,171843,33.8,0.97,4911,0.68,1130
2017-09-28,171843,33.8,0.97,4911,0.68,1130
2017-09-29,171843,33.8,0.97,4911,0.68,1130
2017-10-10,171843,33.8,0.97,4911,0.68,1130
2017-10-11,171843,33.8,0.97,4911,0.68,1130
2017-10-12,171843,33.8,0.97,4911,0.68,1130
2017-10-13,171843,33.8,0.97,4911,0.68,1130
2017-10-16,171843,33.8,0.97,4911,0.68,1130
2017-10-17,171843,33.8,0.97,4911,0.68,1130
2017-10-18,171843,33.8,0.97,4911,0.68,1130
2017-10-19,171843,33.8,0.97,4911,0.68,1130
2017-10-20,171843,33.8,0.97,4911,0.68,1130
2017-10-23,171843,33.8,0.97,4911,0.68,1130
2017-10-24,171843,33.8,0.97,4911,0.68,1130
2017-10-25,171843,33.8,0.97,4911,0.68,1130
2017-10-26,171843,33.8,0.97,4911,0.68,1130
2017-10-27,171843,33.8,0.97,4911,0.68,1130
2017-10-30,48758,50.54,1.44,1393,0.64,452
2017-10-31,48758,53.48,1.53,1393,0.61,452
2017-11-01,48758,52.26,1.49,1393,0.62,452
2017-11-02,48758,49.25,1.41,1393,0.66,452
2017-11-03,48758,49.82,1.42,1393,0.65,452
2017-11-06,48758,48.74,1.39,1393,0.67,452
2017-11-07,48758,48.31,1.38,1393,0.67,452
2017-11-08,48758,48.24,1.38,1393,0.67,452
2017-11-09,48758,48.46,1.38,1393,0.67,452
2017-11-10,48758,47.02,1.34,1393,0.69,452
2017-11-13,48758,45.37,1.3,1393,0.72,452
2017-11-14,48758,44.01,1.26,1393,0.74,452
2017-11-15,48758,44.87,1.28,1393,0.72,452
2017-11-16,48758,44.65,1.28,1393,0.73,452
2017-11-17,48758,44.58,1.27,1393,0.73,452
2017-11-20,48758,44.72,1.28,1393,0.73,452
2017-11-21,48758,43.86,1.25,1393,0.74,452
2017-11-22,48758,46.23,1.32,1393,0.7,452
2017-11-23,48758,44.87,1.28,1393,0.72,452
2017-11-24,48758,45.15,1.29,1393,0.72,452
2017-11-27,48758,44.29,1.27,1393,0.73,452
2017-11-28,48758,44.8,1.28,1393,0.72,452
2017-11-29,48758,44.51,1.27,1393,0.73,452
2017-11-30,48758,44.15,1.26,1393,0.73,452
2017-12-01,48758,42.5,1.21,1393,0.76,452
2017-12-04,48758,42.93,1.23,1393,0.76,452
2017-12-05,48758,43.36,1.24,1393,0.75,452
2017-12-06,48758,43.22,1.23,1393,0.75,452
2017-12-07,48758,42.86,1.22,1393,0.76,452
2017-12-08,48758,42.28,1.21,1393,0.77,452
2017-12-11,48758,42.21,1.21,1393,0.77,452
2017-12-12,48758,42.35,1.21,1393,0.77,452
2017-12-13,48758,44.01,1.26,1393,0.74,452
2017-12-14,48758,45.23,1.29,1393,0.72,452
2017-12-15,48758,44.65,1.28,1393,0.73,452
2017-12-18,48758,44.51,1.27,1393,0.73,452
2017-12-19,48758,44.29,1.27,1393,0.73,452
2017-12-20,48758,44.51,1.27,1393,0.73,452
2017-12-21,48758,43.79,1.25,1393,0.74,452
2017-12-22,48758,44.44,1.27,1393,0.73,452
2017-12-26,48758,47.02,1.34,1393,0.69,452
2017-12-27,48758,47.02,1.34,1393,0.69,452
2017-12-28,48758,46.73,1.34,1393,0.69,452
2018-01-02,48758,47.02,1.34,1393,0.69,452
2018-01-03,48758,49.82,1.42,1393,0.65,452
2018-01-04,48758,51.47,1.47,1393,0.63,452
2018-01-05,48758,50.25,1.44,1393,0.65,452
2018-01-08,48758,49.17,1.4,1393,0.66,452
2018-01-09,48758,48.96,1.4,1393,0.66,452
2018-01-10,48758,49.39,1.41,1393,0.66,452
2018-01-11,48758,49.1,1.4,1393,0.66,452
2018-01-12,48758,48.24,1.38,1393,0.67,452
2018-01-15,48758,48.17,1.38,1393,0.67,452
2018-01-16,48758,47.88,1.37,1393,0.68,452
2018-01-17,48758,49.03,1.4,1393,0.66,452
2018-01-18,48758,48.6,1.39,1393,0.67,452
2018-01-19,48758,48.24,1.38,1393,0.67,452
2018-01-22,48758,47.52,1.36,1393,0.68,452
2018-01-23,48758,48.03,1.37,1393,0.68,452
2018-01-24,48758,48.46,1.38,1393,0.67,452
2018-01-25,48758,48.67,1.39,1393,0.67,452
2018-01-26,48758,49.68,1.42,1393,0.65,452
2018-01-29,48758,50.97,1.46,1393,0.64,452
2018-01-30,48758,50.25,1.44,1393,0.65,452
2018-01-31,48758,50.11,1.43,1393,0.65,452
2018-02-01,48758,50.39,1.44,1393,0.64,452
2018-02-02,48758,49.61,1.42,1393,0.65,452
2018-02-05,48758,49.25,1.41,1393,0.66,452
2018-02-06,48758,47.74,1.36,1393,0.68,452
2018-02-07,48758,47.16,1.35,1393,0.69,452
2018-02-08,48758,46.45,1.33,1393,0.7,452
2018-02-09,48758,47.24,1.35,1393,0.69,452
2018-02-12,48758,47.6,1.36,1393,0.68,452
2018-02-13,48758,47.67,1.36,1393,0.68,452
2018-02-14,48758,44.8,1.28,1393,0.72,452
2018-02-19,48758,45.23,1.29,1393,0.72,452
2018-02-20,48758,44.8,1.28,1393,0.72,452
2018-02-21,48758,45.37,1.3,1393,0.72,452
2018-02-22,48758,45.59,1.3,1393,0.71,452
2018-02-23,48758,45.73,1.31,1393,0.71,452
2018-02-26,48758,45.87,1.31,1393,0.71,452
2018-02-27,48758,46.16,1.32,1393,0.7,452
2018-02-28,48758,45.01,1.29,1393,0.72,452
2018-03-02,48758,44.15,1.26,1393,0.73,452
2018-03-05,48758,44.22,1.26,1393,0.73,452
2018-03-06,48758,44.44,1.27,1393,0.73,452
2018-03-07,48758,43.72,1.25,1393,0.74,452
2018-03-08,48758,43.72,1.25,1393,0.74,452
2018-03-09,48758,45.37,1.3,1393,0.72,452
2018-03-12,48758,45.44,1.3,1393,0.71,452
2018-03-13,48758,44.72,1.28,1393,0.73,452
2018-03-14,48758,44.51,1.27,1393,0.73,452
2018-03-15,48758,45.23,1.29,1393,0.72,452
2018-03-16,48758,44.8,1.28,1393,0.72,452
2018-03-19,48758,45.08,1.29,1393,0.72,452
2018-03-20,48758,44.87,1.28,1393,0.72,452
2018-03-21,48758,44.72,1.28,1393,0.73,452
2018-03-22,48758,44.22,1.26,1393,0.73,452
2018-03-23,48758,43.58,1.24,1393,0.74,452
2018-03-26,48758,43.22,1.23,1393,0.75,452
2018-03-27,48758,44.15,1.26,1393,0.73,452
2018-03-28,48758,45.23,1.29,1393,0.72,452
2018-03-29,48758,45.51,1.3,1393,0.71,452
2018-03-30,48758,45.59,1.3,1393,0.71,452
2018-04-02,48758,47.81,1.37,1393,0.68,452
2018-04-03,48758,49.46,1.41,1393,0.66,452
2018-04-04,48758,48.17,1.38,1393,0.67,452
2018-04-05,48758,48.67,1.39,1393,0.67,452
2018-04-06,48758,48.96,1.4,1393,0.66,452
2018-04-09,48758,46.23,1.32,1393,0.7,452
2018-04-10,48758,46.02,1.31,1393,0.71,452
2018-04-11,48758,44.8,1.28,1393,0.72,452
2018-04-12,48758,45.15,1.29,1393,0.72,452
2018-04-13,48758,45.73,1.31,1393,0.71,452
2018-04-16,48758,45.8,1.31,1393,0.71,452
2018-04-17,48758,45.3,1.29,1393,0.72,452
2018-04-18,48758,45.59,1.3,1393,0.71,452
2018-04-19,48758,45.73,1.31,1393,0.71,452
2018-04-20,48758,46.95,1.34,1393,0.69,452
2018-04-23,48758,47.02,1.34,1393,0.69,452
2018-04-24,48758,47.24,1.35,1393,0.69,452
2018-04-25,48758,46.59,1.33,1393,0.7,452
2018-04-26,48758,46.95,1.34,1393,0.69,452
2018-04-27,48758,46.52,1.33,1393,0.7,452
2018-04-30,48758,46.73,1.34,1393,0.69,452
2018-05-02,81890,8.46,0.79,7625,0.0,0
2018-05-03,81890,8.2,0.76,7625,0.0,0
2018-05-04,81890,8.1,0.75,7625,0.0,0
2018-05-08,81890,8.01,0.75,7625,0.0,0
2018-05-09,81890,7.91,0.74,7625,0.0,0
2018-05-10,81890,7.95,0.74,7625,0.0,0
2018-05-11,81890,8.04,0.75,7625,0.0,0
2018-05-14,81890,7.99,0.74,7625,0.0,0
2018-05-15,81890,7.92,0.74,7625,0.0,0
2018-05-16,81890,7.92,0.74,7625,0.0,0
2018-05-17,81890,7.91,0.74,7625,0.0,0
2018-05-18,81890,7.9,0.74,7625,0.0,0
2018-05-21,81890,7.84,0.73,7625,0.0,0
2018-05-23,81890,7.74,0.72,7625,0.0,0
2018-05-24,81890,7.66,0.71,7625,0.0,0
2018-05-25,81890,7.53,0.7,7625,0.0,0
2018-05-28,81890,7.78,0.72,7625,0.0,0
2018-05-29,81890,7.75,0.72,7625,0.0,0
2018-05-30,81890,7.61,0.71,7625,0.0,0
2018-05-31,81890,7.69,0.72,7625,0.0,0
2018-06-01,81890,7.63,0.71,7625,0.0,0
2018-06-04,81890,7.66,0.71,7625,0.0,0
2018-06-05,81890,7.63,0.71,7625,0.0,0
2018-06-07,81890,7.79,0.73,7625,0.0,0
2018-06-08,81890,7.72,0.72,7625,0.0,0
2018-06-11,81890,7.66,0.71,7625,0.0,0
2018-06-12,81890,7.88,0.73,7625,0.0,0
2018-06-14,81890,7.9,0.74,7625,0.0,0
2018-06-15,81890,7.71,0.72,7625,0.0,0
2018-06-18,81890,7.67,0.71,7625,0.0,0
2018-06-19,81890,7.51,0.7,7625,0.0,0
2018-06-20,81890,7.49,0.7,7625,0.0,0
2018-06-21,81890,7.38,0.69,7625,0.0,0
2018-06-22,81890,7.34,0.68,7625,0.0,0
2018-06-25,81890,7.44,0.69,7625,0.0,0
2018-06-26,81890,7.49,0.7,7625,0.0,0
2018-06-27,81890,7.45,0.69,7625,0.0,0
2018-06-28,81890,7.58,0.71,7625,0.0,0
2018-06-29,81890,7.51,0.7,7625,0.0,0
2018-07-02,81890,7.32,0.68,7625,0.0,0
2018-07-03,81890,7.21,0.67,7625,0.0,0
2018-07-04,81890,6.9,0.64,7625,0.0,0
2018-07-05,81890,6.7,0.62,7625,0.0,0
2018-07-06,81890,6.81,0.63,7625,0.0,0
2018-07-09,81890,6.94,0.65,7625,0.0,0
2018-07-10,81890,6.92,0.64,7625,0.0,0
2018-07-11,81890,6.73,0.63,7625,0.0,0
2018-07-12,81890,6.74,0.63,7625,0.0,0
2018-07-13,81890,6.69,0.62,7625,0.0,0
2018-07-16,81890,6.73,0.63,7625,0.0,0
2018-07-17,81890,7.1,0.66,7625,0.0,0
2018-07-18,81890,7.03,0.65,7625,0.0,0
2018-07-19,81890,6.85,0.64,7625,0.0,0
2018-07-20,81890,6.83,0.64,7625,0.0,0
2018-07-23,81890,6.77,0.63,7625,0.0,0
2018-07-24,81890,6.78,0.63,7625,0.0,0
2018-07-25,81890,6.77,0.63,7625,0.0,0
2018-07-26,81890,6.78,0.63,7625,0.0,0
2018-07-27,81890,6.71,0.63,7625,0.0,0
2018-07-30,81890,6.75,0.63,7625,0.0,0
2018-07-31,81890,6.9,0.64,7625,0.0,0
2018-08-01,81890,6.94,0.65,7625,0.0,0
2018-08-02,81890,6.74,0.63,7625,0.0,0
2018-08-03,81890,6.73,0.63,7625,0.0,0
2018-08-06,81890,6.77,0.63,7625,0.0,0
2018-08-07,81890,6.74,0.63,7625,0.0,0
2018-08-08,81890,6.71,0.63,7625,0.0,0
2018-08-09,81890,6.73,0.63,7625,0.0,0
2018-08-10,81890,6.69,0.62,7625,0.0,0
2018-08-13,81890,6.45,0.6,7625,0.0,0
2018-08-14,81890,6.45,0.6,7625,0.0,0
2018-08-16,81890,6.34,0.59,7625,0.0,0
2018-08-17,81890,6.31,0.59,7625,0.0,0
2018-08-20,81890,6.39,0.6,7625,0.0,0
2018-08-21,81890,6.39,0.6,7625,0.0,0
2018-08-22,81890,6.4,0.6,7625,0.0,0
2018-08-23,81890,6.37,0.59,7625,0.0,0
2018-08-24,81890,6.35,0.59,7625,0.0,0
2018-08-27,81890,6.32,0.59,7625,0.0,0
2018-08-28,81890,6.42,0.6,7625,0.0,0
2018-08-29,81890,6.36,0.59,7625,0.0,0
2018-08-30,81890,6.17,0.57,7625,0.0,0
2018-08-31,81890,6.32,0.59,7625,0.0,0
2018-09-03,81890,6.28,0.58,7625,0.0,0
2018-09-04,81890,6.31,0.59,7625,0.0,0
2018-09-05,81890,6.26,0.58,7625,0.0,0
2018-09-06,81890,6.23,0.58,7625,0.0,0
2018-09-07,81890,6.28,0.58,7625,0.0,0
2018-09-10,81890,6.31,0.59,7625,0.0,0
2018-09-11,81890,6.69,0.62,7625,0.0,0
2018-09-12,81890,6.62,0.62,7625,0.0,0
2018-09-13,81890,7.07,0.66,7625,0.0,0
2018-09-14,81890,7.11,0.66,7625,0.0,0
2018-09-17,81890,7.15,0.67,7625,0.0,0
2018-09-18,81890,7.16,0.67,7625,0.0,0
2018-09-19,81890,7.04,0.66,7625,0.0,0
2018-09-20,81890,6.86,0.64,7625,0.0,0
2018-09-21,81890,7.17,0.67,7625,0.0,0
2018-09-27,81890,7.15,0.67,7625,0.0,0
2018-09-28,81890,7.49,0.7,7625,0.0,0
2018-10-01,81890,7.45,0.69,7625,0.0,0
2018-10-02,81890,7.4,0.69,7625,0.0,0
2018-10-04,81890,7.37,0.69,7625,0.0,0
2018-10-05,81890,7.34,0.68,7625,0.0,0
2018-10-08,81890,7.54,0.7,7625,0.0,0
2018-10-10,81890,7.72,0.72,7625,0.0,0
2018-10-11,81890,7.65,0.71,7625,0.0,0
2018-10-12,81890,7.37,0.69,7625,0.0,0
2018-10-15,81890,7.37,0.69,7625,0.0,0
2018-10-16,81890,7.16,0.67,7625,0.0,0
2018-10-17,81890,7.2,0.67,7625,0.0,0
2018-10-18,81890,6.91,0.64,7625,0.0,0
2018-10-19,81890,6.98,0.65,7625,0.0,0
2018-10-22,81890,6.95,0.65,7625,0.0,0
2018-10-23,81890,6.71,0.63,7625,0.0,0
2018-10-24,81890,6.69,0.62,7625,0.0,0
2018-10-25,81890,6.6,0.61,7625,0.0,0
2018-10-26,81890,6.47,0.6,7625,0.0,0
2018-10-29,81890,6.26,0.58,7625,0.0,0
2018-10-30,81890,6.2,0.58,7625,0.0,0
2018-10-31,81890,6.24,0.58,7625,0.0,0
2018-11-01,81890,6.3,0.59,7625,0.0,0
2018-11-02,81890,6.57,0.61,7625,0.0,0
2018-11-05,81890,6.45,0.6,7625,0.0,0
2018-11-06,81890,6.54,0.61,7625,0.0,0
2018-11-07,81890,6.55,0.61,7625,0.0,0
2018-11-08,81890,6.52,0.61,7625,0.0,0
2018-11-09,81890,6.77,0.63,7625,0.0,0
2018-11-12,81890,6.6,0.61,7625,0.0,0
2018-11-13,81890,6.55,0.61,7625,0.0,0
2018-11-14,81890,6.61,0.62,7625,0.0,0
2018-11-15,81890,6.95,0.65,7625,0.0,0
2018-11-16,81890,6.92,0.64,7625,0.0,0
2018-11-19,81890,7.25,0.68,7625,0.0,0
2018-11-20,81890,7.48,0.7,7625,0.0,0
2018-11-21,81890,7.42,0.69,7625,0.0,0
2018-11-22,81890,7.27,0.68,7625,0.0,0
2018-11-23,81890,7.29,0.68,7625,0.0,0
2018-11-26,81890,7.37,0.69,7625,0.0,0
2018-11-27,81890,7.45,0.69,7625,0.0,0
2018-11-28,81890,7.42,0.69,7625,0.0,0
2018-11-29,81890,7.37,0.69,7625,0.0,0
2018-11-30,81890,7.25,0.68,7625,0.0,0
2018-12-03,81890,7.25,0.68,7625,0.0,0
2018-12-04,81890,7.24,0.67,7625,0.0,0
2018-12-05,81890,7.29,0.68,7625,0.0,0
2018-12-06,81890,7.12,0.66,7625,0.0,0
2018-12-07,81890,7.12,0.66,7625,0.0,0
2018-12-10,81890,7.06,0.66,7625,0.0,0
2018-12-11,81890,7.17,0.67,7625,0.0,0
2018-12-12,81890,7.25,0.68,7625,0.0,0
2018-12-13,81890,7.3,0.68,7625,0.0,0
2018-12-14,81890,7.33,0.68,7625,0.0,0
2018-12-17,81890,7.28,0.68,7625,0.0,0
2018-12-18,81890,7.28,0.68,7625,0.0,0
2018-12-19,81890,7.27,0.68,7625,0.0,0
2018-12-20,81890,7.13,0.66,7625,0.0,0
2018-12-21,81890,7.17,0.67,7625,0.0,0
2018-12-24,81890,7.15,0.67,7625,0.0,0
2018-12-26,81890,7.04,0.66,7625,0.0,0
2018-12-27,81890,6.91,0.64,7625,0.0,0
2018-12-28,81890,6.91,0.64,7625,0.0,0
2019-01-02,81890,6.55,0.61,7625,0.0,0
2019-01-03,81890,6.62,0.62,7625,0.0,0
2019-01-04,81890,6.65,0.62,7625,0.0,0
2019-01-07,81890,6.61,0.62,7625,0.0,0
2019-01-08,81890,6.62,0.62,7625,0.0,0
2019-01-09,81890,6.74,0.63,7625,0.0,0
2019-01-10,81890,6.77,0.63,7625,0.0,0
2019-01-11,81890,6.66,0.62,7625,0.0,0
2019-01-14,81890,6.69,0.62,7625,0.0,0
2019-01-15,81890,6.71,0.63,7625,0.0,0
2019-01-16,81890,6.69,0.62,7625,0.0,0
2019-01-17,81890,6.62,0.62,7625,0.0,0
2019-01-18,81890,6.65,0.62,7625,0.0,0
2019-01-21,81890,6.62,0.62,7625,0.0,0
2019-01-22,81890,6.62,0.62,7625,0.0,0
2019-01-23,81890,6.7,0.62,7625,0.0,0
2019-01-24,81890,6.68,0.62,7625,0.0,0
2019-01-25,81890,6.77,0.63,7625,0.0,0
2019-01-28,81890,6.78,0.63,7625,0.0,0
2019-01-29,81890,6.75,0.63,7625,0.0,0
2019-01-30,81890,6.74,0.63,7625,0.0,0
2019-01-31,81890,6.86,0.64,7625,0.0,0
2019-02-01,81890,6.9,0.64,7625,0.0,0
2019-02-07,81890,6.79,0.63,7625,0.0,0
2019-02-08,81890,6.75,0.63,7625,0.0,0
2019-02-11,81890,6.78,0.63,7625,0.0,0
2019-02-12,81890,6.83,0.64,7625,0.0,0
2019-02-13,81890,6.91,0.64,7625,0.0,0
2019-02-14,81890,6.92,0.64,7625,0.0,0
2019-02-15,81890,6.83,0.64,7625,0.0,0
2019-02-18,81890,6.74,0.63,7625,0.0,0
2019-02-19,81890,6.73,0.63,7625,0.0,0
2019-02-20,81890,6.85,0.64,7625,0.0,0
2019-02-21,81890,6.95,0.65,7625,0.0,0
2019-02-22,81890,6.94,0.65,7625,0.0,0
2019-02-25,81890,6.96,0.65,7625,0.0,0
2019-02-26,81890,6.96,0.65,7625,0.0,0
2019-02-27,81890,6.96,0.65,7625,0.0,0
2019-02-28,81890,6.96,0.65,7625,0.0,0
2019-03-04,81890,6.9,0.64,7625,0.0,0
2019-03-05,81890,6.82,0.63,7625,0.0,0
2019-03-06,81890,6.75,0.63,7625,0.0,0
2019-03-07,81890,6.68,0.62,7625,0.0,0
2019-03-08,81890,6.65,0.62,7625,0.0,0
2019-03-11,81890,6.56,0.61,7625,0.0,0
2019-03-12,81890,6.58,0.61,7625,0.0,0
2019-03-13,81890,6.61,0.62,7625,0.0,0
2019-03-14,81890,6.64,0.62,7625,0.0,0
2019-03-15,81890,6.64,0.62,7625,0.0,0
2019-03-18,81890,6.71,0.63,7625,0.0,0
2019-03-19,81890,6.73,0.63,7625,0.0,0
2019-03-20,81890,6.58,0.61,7625,0.0,0
2019-03-21,81890,6.55,0.61,7625,0.0,0
2019-03-22,81890,6.45,0.6,7625,0.0,0
2019-03-25,81890,6.38,0.59,7625,0.0,0
2019-03-26,81890,6.4,0.6,7625,0.0,0
2019-03-27,81890,6.41,0.6,7625,0.0,0
2019-03-28,81890,6.43,0.6,7625,0.0,0
2019-03-29,81890,6.48,0.6,7625,0.0,0
2019-04-01,81890,6.49,0.6,7625,0.0,0
2019-04-02,81890,6.5,0.61,7625,0.0,0
2019-04-03,81890,6.6,0.61,7625,0.0,0
2019-04-04,81890,6.6,0.61,7625,0.0,0
2019-04-05,81890,6.58,0.61,7625,0.0,0
2019-04-08,81890,6.64,0.62,7625,0.0,0
2019-04-09,81890,6.64,0.62,7625,0.0,0
2019-04-10,81890,6.64,0.62,7625,0.0,0
2019-04-11,81890,6.6,0.61,7625,0.0,0
2019-04-12,81890,6.65,0.62,7625,0.0,0
2019-04-15,81890,6.73,0.63,7625,0.0,0
2019-04-16,81890,6.86,0.64,7625,0.0,0
2019-04-17,81890,6.78,0.63,7625,0.0,0
2019-04-18,81890,6.7,0.62,7625,0.0,0
2019-04-19,81890,6.69,0.62,7625,0.0,0
2019-04-22,81890,6.66,0.62,7625,0.0,0
2019-04-23,81890,6.64,0.62,7625,0.0,0
2019-04-24,81890,6.57,0.61,7625,0.0,0
2019-04-25,81890,6.5,0.61,7625,0.0,0
2019-04-26,81890,6.45,0.6,7625,0.0,0
2019-04-29,81890,6.49,0.6,7625,0.0,0
2019-04-30,81890,6.43,0.6,7625,0.0,0
2019-05-02,67169,18.12,0.73,2713,1.63,800
2019-05-03,67169,18.1,0.73,2713,1.63,800
2019-05-07,67169,17.9,0.72,2713,1.65,800
2019-05-08,67169,17.78,0.72,2713,1.66,800
2019-05-09,67169,17.27,0.7,2713,1.71,800
2019-05-10,67169,17.08,0.69,2713,1.73,800
2019-05-13,67169,16.75,0.68,2713,1.76,800
2019-05-14,67169,17.05,0.69,2713,1.73,800
2019-05-15,67169,17.07,0.69,2713,1.73,800
2019-05-16,67169,16.9,0.68,2713,1.74,800
2019-05-17,67169,16.66,0.67,2713,1.77,800
2019-05-20,67169,16.46,0.66,2713,1.79,800
2019-05-21,67169,16.31,0.66,2713,1.81,800
2019-05-22,67169,16.07,0.65,2713,1.83,800
2019-05-23,67169,15.92,0.64,2713,1.85,800
2019-05-24,67169,15.61,0.63,2713,1.89,800
2019-05-27,67169,15.9,0.64,2713,1.85,800
2019-05-28,67169,15.67,0.63,2713,1.88,800
2019-05-29,67169,15.48,0.63,2713,1.9,800
2019-05-30,67169,15.5,0.63,2713,1.9,800
2019-05-31,67169,15.55,0.63,2713,1.9,800
2019-06-03,67169,15.78,0.64,2713,1.87,800
2019-06-04,67169,15.74,0.64,2713,1.87,800
2019-06-05,67169,15.72,0.63,2713,1.88,800
2019-06-07,67169,15.74,0.64,2713,1.87,800
2019-06-10,67169,15.9,0.64,2713,1.85,800
2019-06-11,67169,16.0,0.65,2713,1.84,800
2019-06-12,67169,16.11,0.65,2713,1.83,800
2019-06-13,67169,16.14,0.65,2713,1.83,800
2019-06-14,67169,15.98,0.65,2713,1.85,800
2019-06-17,67169,15.89,0.64,2713,1.86,800
2019-06-18,67169,15.94,0.64,2713,1.85,800
2019-06-19,67169,16.13,0.65,2713,1.83,800
2019-06-20,67169,16.33,0.66,2713,1.81,800
2019-06-21,67169,16.22,0.66,2713,1.82,800
2019-06-24,67169,16.48,0.67,2713,1.79,800
2019-06-25,67169,16.53,0.67,2713,1.78,800
2019-06-26,67169,16.37,0.66,2713,1.8,800
2019-06-27,67169,16.35,0.66,2713,1.8,800
2019-06-28,67169,16.22,0.66,2713,1.82,800
2019-07-01,67169,16.27,0.66,2713,1.81,800
2019-07-02,67169,16.33,0.66,2713,1.81,800
2019-07-03,67169,16.24,0.66,2713,1.82,800
2019-07-04,67169,16.22,0.66,2713,1.82,800
2019-07-05,67169,16.35,0.66,2713,1.8,800
2019-07-08,67169,15.54,0.63,2713,1.9,800
2019-07-09,67169,15.13,0.61,2713,1.95,800
2019-07-10,67169,14.89,0.6,2713,1.98,800
2019-07-11,67169,15.08,0.61,2713,1.96,800
2019-07-12,67169,15.17,0.61,2713,1.94,800
2019-07-15,67169,14.89,0.6,2713,1.98,800
2019-07-16,67169,14.87,0.6,2713,1.98,800
2019-07-17,67169,14.47,0.58,2713,2.04,800
2019-07-18,67169,14.17,0.57,2713,2.08,800
2019-07-19,67169,14.28,0.58,2713,2.06,800
2019-07-22,67169,14.14,0.57,2713,2.09,800
2019-07-23,67169,14.03,0.57,2713,2.1,800
2019-07-24,67169,13.86,0.56,2713,2.13,800
2019-07-25,67169,13.58,0.55,2713,2.17,800
2019-07-26,67169,13.42,0.54,2713,2.2,800
2019-07-29,67169,12.97,0.52,2713,2.27,800
2019-07-30,67169,12.79,0.52,2713,2.31,800
2019-07-31,67169,12.53,0.51,2713,2.35,800
2019-08-01,67169,12.64,0.51,2713,2.33,800
2019-08-02,67169,12.42,0.5,2713,2.37,800
2019-08-05,67169,11.67,0.47,2713,2.53,800
2019-08-06,67169,11.76,0.47,2713,2.51,800
2019-08-07,67169,11.5,0.46,2713,2.56,800
2019-08-08,67169,11.76,0.47,2713,2.51,800
2019-08-09,67169,11.63,0.47,2713,2.54,800
2019-08-12,67169,11.54,0.47,2713,2.56,800
2019-08-13,67169,11.43,0.46,2713,2.58,800
2019-08-14,67169,11.22,0.45,2713,2.63,800
2019-08-16,67169,10.98,0.44,2713,2.68,800
2019-08-19,67169,11.57,0.47,2713,2.55,800
2019-08-20,67169,11.72,0.47,2713,2.52,800
2019-08-21,67169,11.76,0.47,2713,2.51,800
2019-08-22,67169,11.76,0.47,2713,2.51,800
2019-08-23,67169,12.02,0.49,2713,2.45,800
2019-08-26,67169,11.89,0.48,2713,2.48,800
2019-08-27,67169,12.09,0.49,2713,2.44,800
2019-08-28,67169,12.15,0.49,2713,2.43,800
2019-08-29,67169,12.09,0.49,2713,2.44,800
2019-08-30,67169,12.29,0.5,2713,2.4,800
2019-09-02,67169,12.4,0.5,2713,2.38,800
2019-09-03,67169,12.46,0.5,2713,2.37,800
2019-09-04,67169,12.55,0.51,2713,2.35,800
2019-09-05,67169,12.51,0.51,2713,2.36,800
2019-09-06,67169,12.51,0.51,2713,2.36,800
2019-09-09,67169,12.79,0.52,2713,2.31,800
2019-09-10,67169,12.92,0.52,2713,2.28,800
2019-09-11,67169,13.16,0.53,2713,2.24,800
2019-09-16,67169,13.47,0.54,2713,2.19,800
2019-09-17,67169,13.93,0.56,2713,2.12,800
2019-09-18,67169,13.84,0.56,2713,2.13,800
2019-09-19,67169,13.64,0.55,2713,2.16,800
2019-09-20,67169,13.51,0.55,2713,2.18,800
2019-09-23,67169,13.88,0.56,2713,2.12,800
2019-09-24,67169,13.99,0.56,2713,2.11,800
2019-09-25,67169,13.77,0.56,2713,2.14,800
2019-09-26,67169,13.86,0.56,2713,2.13,800
2019-09-27,67169,13.44,0.54,2713,2.19,800
2019-09-30,67169,13.36,0.54,2713,2.21,800
2019-10-01,67169,13.58,0.55,2713,2.17,800
2019-10-02,67169,13.18,0.53,2713,2.24,800
2019-10-04,67169,12.99,0.52,2713,2.27,800
2019-10-07,67169,13.2,0.53,2713,2.23,800
2019-10-08,67169,13.32,0.54,2713,2.21,800
2019-10-10,67169,13.29,0.54,2713,2.22,800
2019-10-11,67169,13.4,0.54,2713,2.2,800
2019-10-14,67169,13.8,0.56,2713,2.14,800
2019-10-15,67169,14.21,0.57,2713,2.08,800
2019-10-16,67169,13.95,0.56,2713,2.11,800
2019-10-17,67169,14.17,0.57,2713,2.08,800
2019-10-18,67169,14.21,0.57,2713,2.08,800
2019-10-21,67169,13.84,0.56,2713,2.13,800
2019-10-22,67169,14.04,0.57,2713,2.1,800
2019-10-23,67169,13.9,0.56,2713,2.12,800
2019-10-24,67169,13.91,0.56,2713,2.12,800
2019-10-25,67169,13.73,0.55,2713,2.15,800
2019-10-28,67169,13.64,0.55,2713,2.16,800
2019-10-29,67169,13.64,0.55,2713,2.16,800
2019-10-30,67169,13.53,0.55,2713,2.18,800
2019-10-31,67169,13.45,0.54,2713,2.19,800
2019-11-01,67169,13.36,0.54,2713,2.21,800
2019-11-04,67169,13.58,0.55,2713,2.17,800
2019-11-05,67169,13.64,0.55,2713,2.16,800
2019-11-06,67169,13.73,0.55,2713,2.15,800
2019-11-07,67169,13.82,0.56,2713,2.13,800
2019-11-08,67169,13.66,0.55,2713,2.16,800
2019-11-11,67169,13.56,0.55,2713,2.17,800
2019-11-12,67169,13.34,0.54,2713,2.21,800
2019-11-13,67169,13.2,0.53,2713,2.23,800
2019-11-14,67169,13.25,0.54,2713,2.23,800
2019-11-15,67169,13.6,0.55,2713,2.17,800
2019-11-18,67169,13.56,0.55,2713,2.17,800
2019-11-19,67169,13.53,0.55,2713,2.18,800
2019-11-20,67169,13.42,0.54,2713,2.2,800
2019-11-21,67169,13.01,0.53,2713,2.27,800
2019-11-22,67169,12.94,0.52,2713,2.28,800
2019-11-25,67169,13.1,0.53,2713,2.25,800
2019-11-26,67169,13.03,0.53,2713,2.26,800
2019-11-27,67169,13.14,0.53,2713,2.24,800
2019-11-28,67169,13.36,0.54,2713,2.21,800
2019-11-29,67169,13.14,0.53,2713,2.24,800
2019-12-02,67169,13.25,0.54,2713,2.23,800
2019-12-03,67169,13.2,0.53,2713,2.23,800
2019-12-04,67169,13.07,0.53,2713,2.26,800
2019-12-05,67169,12.9,0.52,2713,2.29,800
2019-12-06,67169,12.77,0.52,2713,2.31,800
2019-12-09,67169,12.7,0.51,2713,2.32,800
2019-12-10,67169,12.77,0.52,2713,2.31,800
2019-12-11,67169,12.77,0.52,2713,2.31,800
2019-12-12,67169,13.03,0.53,2713,2.26,800
2019-12-13,67169,13.36,0.54,2713,2.21,800
2019-12-16,67169,13.84,0.56,2713,2.13,800
2019-12-17,67169,13.99,0.56,2713,2.11,800
2019-12-18,67169,14.03,0.57,2713,2.1,800
2019-12-19,67169,14.21,0.57,2713,2.08,800
2019-12-20,67169,14.39,0.58,2713,2.05,800
2019-12-23,67169,14.3,0.58,2713,2.06,800
2019-12-24,67169,14.28,0.58,2713,2.06,800
2019-12-26,67169,14.38,0.58,2713,2.05,800
2019-12-27,67169,14.32,0.58,2713,2.06,800
2019-12-30,67169,14.36,0.58,2713,2.05,800
2020-01-02,67169,13.9,0.56,2713,2.12,800
2020-01-03,67169,13.77,0.56,2713,2.14,800
2020-01-06,67169,13.51,0.55,2713,2.18,800
2020-01-07,67169,13.55,0.55,2713,2.18,800
2020-01-08,67169,13.07,0.53,2713,2.26,800
2020-01-09,67169,13.2,0.53,2713,2.23,800
2020-01-10,67169,12.99,0.52,2713,2.27,800
2020-01-13,67169,13.51,0.55,2713,2.18,800
2020-01-14,67169,13.4,0.54,2713,2.2,800
2020-01-15,67169,13.47,0.54,2713,2.19,800
2020-01-16,67169,13.23,0.53,2713,2.23,800
2020-01-17,67169,13.16,0.53,2713,2.24,800
2020-01-20,67169,13.91,0.56,2713,2.12,800
2020-01-21,67169,13.71,0.55,2713,2.15,800
2020-01-22,67169,13.53,0.55,2713,2.18,800
2020-01-23,67169,14.34,0.58,2713,2.06,800
2020-01-28,67169,13.97,0.56,2713,2.11,800
2020-01-29,67169,13.75,0.56,2713,2.14,800
2020-01-30,67169,13.34,0.54,2713,2.21,800
2020-01-31,67169,13.01,0.53,2713,2.27,800
2020-02-03,67169,12.59,0.51,2713,2.34,800
2020-02-04,67169,12.68,0.51,2713,2.33,800
2020-02-05,67169,12.51,0.51,2713,2.36,800
2020-02-06,67169,12.96,0.52,2713,2.28,800
2020-02-07,67169,12.77,0.52,2713,2.31,800
2020-02-10,67169,12.61,0.51,2713,2.34,800
2020-02-11,67169,12.9,0.52,2713,2.29,800
2020-02-12,67169,12.9,0.52,2713,2.29,800
2020-02-13,67169,12.9,0.52,2713,2.29,800
2020-02-14,67169,12.57,0.51,2713,2.35,800
2020-02-17,67169,12.48,0.5,2713,2.36,800
2020-02-18,67169,12.27,0.5,2713,2.4,800
2020-02-19,67169,11.98,0.48,2713,2.46,800
2020-02-20,67169,11.81,0.48,2713,2.5,800
2020-02-21,67169,11.44,0.46,2713,2.58,800
2020-02-24,67169,11.0,0.44,2713,2.68,800
2020-02-25,67169,10.91,0.44,2713,2.7,800
2020-02-26,67169,10.78,0.44,2713,2.74,800
2020-02-27,67169,10.76,0.43,2713,2.74,800
2020-02-28,67169,10.71,0.43,2713,2.75,800
2020-03-02,67169,10.69,0.43,2713,2.76,800
2020-03-03,67169,10.91,0.44,2713,2.7,800
2020-03-04,67169,11.0,0.44,2713,2.68,800
2020-03-05,67169,11.41,0.46,2713,2.58,800
2020-03-06,67169,11.09,0.45,2713,2.66,800
2020-03-09,67169,10.73,0.43,2713,2.75,800
2020-03-10,67169,10.76,0.43,2713,2.74,800
2020-03-11,67169,10.71,0.43,2713,2.75,800
2020-03-12,67169,10.01,0.4,2713,2.95,800
2020-03-13,67169,9.45,0.38,2713,3.12,800
2020-03-16,67169,9.18,0.37,2713,3.21,800
2020-03-17,67169,8.72,0.35,2713,3.38,800
2020-03-18,67169,8.26,0.33,2713,3.57,800
2020-03-19,67169,7.5,0.3,2713,3.93,800
2020-03-20,67169,7.89,0.32,2713,3.74,800
2020-03-23,67169,7.78,0.31,2713,3.79,800
2020-03-24,67169,8.18,0.33,2713,3.6,800
2020-03-25,67169,8.92,0.36,2713,3.31,800
2020-03-26,67169,8.83,0.36,2713,3.34,800
2020-03-27,67169,8.94,0.36,2713,3.3,800
2020-03-30,67169,8.75,0.35,2713,3.37,800
2020-03-31,67169,8.85,0.36,2713,3.33,800
2020-04-01,67169,8.53,0.34,2713,3.46,800
2020-04-02,67169,8.85,0.36,2713,3.33,800
2020-04-03,67169,8.83,0.36,2713,3.34,800
2020-04-06,67169,9.05,0.37,2713,3.26,800
2020-04-07,67169,9.29,0.38,2713,3.17,800
2020-04-08,67169,9.51,0.38,2713,3.1,800
2020-04-09,67169,9.69,0.39,2713,3.04,800
2020-04-10,67169,9.8,0.4,2713,3.01,800
2020-04-13,67169,9.53,0.38,2713,3.09,800
2020-04-14,67169,9.88,0.4,2713,2.99,800
2020-04-16,67169,9.79,0.4,2713,3.01,800
2020-04-17,67169,10.12,0.41,2713,2.91,800
2020-04-20,67169,10.15,0.41,2713,2.9,800
2020-04-21,67169,9.8,0.4,2713,3.01,800
2020-04-22,67169,9.73,0.39,2713,3.03,800
2020-04-23,67169,10.12,0.41,2713,2.91,800
2020-04-24,67169,9.77,0.39,2713,3.02,800
2020-04-27,67169,10.58,0.43,2713,2.79,800
2020-04-28,67169,13.75,0.56,2713,2.14,800
2020-04-29,67169,14.78,0.6,2713,2.0,800
2020-05-04,63267,0.0,0.63,0,2.75,1100
2020-05-06,63267,0.0,0.62,0,2.82,1100
2020-05-07,63267,0.0,0.62,0,2.82,1100
2020-05-08,63267,0.0,0.61,0,2.84,1100
2020-05-11,63267,0.0,0.6,0,2.91,1100
2020-05-12,63267,0.0,0.6,0,2.9,1100
2020-05-13,63267,0.0,0.59,0,2.93,1100
2020-05-14,63267,0.0,0.57,0,3.06,1100
2020-05-15,63267,0.0,0.57,0,3.03,1100
2020-05-18,63267,0.0,0.57,0,3.06,1100
2020-05-19,63267,0.0,0.58,0,2.99,1100
2020-05-20,63267,0.0,0.59,0,2.96,1100
2020-05-21,63267,0.0,0.59,0,2.95,1100
2020-05-22,63267,0.0,0.56,0,3.08,1100
2020-05-25,63267,0.0,0.56,0,3.11,1100
2020-05-26,63267,0.0,0.56,0,3.09,1100
2020-05-27,63267,0.0,0.57,0,3.05,1100
2020-05-28,63267,0.0,0.56,0,3.13,1100
2020-05-29,63267,0.0,0.54,0,3.21,1100
2020-06-01,63267,0.0,0.55,0,3.16,1100
2020-06-02,63267,0.0,0.56,0,3.09,1100
2020-06-03,63267,0.0,0.57,0,3.05,1100
2020-06-04,63267,0.0,0.57,0,3.05,1100
2020-06-05,63267,0.0,0.58,0,3.02,1100
2020-06-08,63267,0.0,0.58,0,3.01,1100
2020-06-09,63267,0.0,0.58,0,2.99,1100
2020-06-10,63267,0.0,0.58,0,3.0,1100
2020-06-11,63267,0.0,0.56,0,3.09,1100
2020-06-12,63267,0.0,0.55,0,3.16,1100
2020-06-15,63267,0.0,0.52,0,3.33,1100
2020-06-16,63267,0.0,0.56,0,3.11,1100
2020-06-17,63267,0.0,0.55,0,3.16,1100
2020-06-18,63267,0.0,0.55,0,3.19,1100
2020-06-19,63267,0.0,0.55,0,3.14,1100
2020-06-22,63267,0.0,0.59,0,2.97,1100
2020-06-23,63267,0.0,0.56,0,3.11,1100
2020-06-24,63267,0.0,0.54,0,3.21,1100
2020-06-25,63267,0.0,0.52,0,3.33,1100
2020-06-26,63267,0.0,0.51,0,3.4,1100
2020-06-29,63267,0.0,0.5,0,3.49,1100
2020-06-30,63267,0.0,0.5,0,3.48,1100
2020-07-01,63267,0.0,0.5,0,3.49,1100
2020-07-02,63267,0.0,0.5,0,3.48,1100
2020-07-03,63267,0.0,0.5,0,3.45,1100
2020-07-06,63267,0.0,0.5,0,3.46,1100
2020-07-07,63267,0.0,0.5,0,3.51,1100
2020-07-08,63267,0.0,0.5,0,3.48,1100
2020-07-09,63267,0.0,0.5,0,3.49,1100
2020-07-10,63267,0.0,0.48,0,3.64,1100
2020-07-13,63267,0.0,0.48,0,3.59,1100
2020-07-14,63267,0.0,0.49,0,3.57,1100
2020-07-15,63267,0.0,0.5,0,3.51,1100
2020-07-16,63267,0.0,0.5,0,3.5,1100
2020-07-17,63267,0.0,0.49,0,3.51,1100
2020-07-20,63267,0.0,0.5,0,3.49,1100
2020-07-21,63267,0.0,0.5,0,3.46,1100
2020-07-22,63267,0.0,0.49,0,3.51,1100
2020-07-23,63267,0.0,0.52,0,3.33,1100
2020-07-24,63267,0.0,0.5,0,3.46,1100
2020-07-27,63267,0.0,0.5,0,3.49,1100
2020-07-28,63267,0.0,0.5,0,3.51,1100
2020-07-29,63267,0.0,0.49,0,3.55,1100
2020-07-30,63267,0.0,0.49,0,3.56,1100
2020-07-31,63267,0.0,0.49,0,3.55,1100
2020-08-03,63267,0.0,0.48,0,3.61,1100
2020-08-04,63267,0.0,0.49,0,3.57,1100
2020-08-05,63267,0.0,0.48,0,3.62,1100
2020-08-06,63267,0.0,0.49,0,3.56,1100
2020-08-07,63267,0.0,0.48,0,3.61,1100
2020-08-10,63267,0.0,0.48,0,3.59,1100
2020-08-11,63267,0.0,0.5,0,3.5,1100
2020-08-12,63267,0.0,0.51,0,3.41,1100
2020-08-13,63267,0.0,0.51,0,3.39,1100
2020-08-14,63267,0.0,0.53,0,3.29,1100
2020-08-18,63267,0.0,0.49,0,3.55,1100
2020-08-19,63267,0.0,0.49,0,3.52,1100
2020-08-20,63267,0.0,0.48,0,3.62,1100
2020-08-21,63267,0.0,0.48,0,3.62,1100
2020-08-24,63267,0.0,0.47,0,3.67,1100
2020-08-25,63267,0.0,0.49,0,3.58,1100
2020-08-26,63267,0.0,0.48,0,3.64,1100
2020-08-27,63267,0.0,0.47,0,3.67,1100
2020-08-28,63267,0.0,0.48,0,3.6,1100
2020-08-31,63267,0.0,0.47,0,3.67,1100
2020-09-01,63267,0.0,0.48,0,3.65,1100
2020-09-02,63267,0.0,0.48,0,3.62,1100
2020-09-03,63267,0.0,0.48,0,3.62,1100
2020-09-04,63267,0.0,0.47,0,3.66,1100
2020-09-07,63267,0.0,0.48,0,3.61,1100
2020-09-08,63267,0.0,0.48,0,3.64,1100
2020-09-09,63267,0.0,0.47,0,3.67,1100
2020-09-10,63267,0.0,0.47,0,3.67,1100
2020-09-11,63267,0.0,0.48,0,3.65,1100
2020-09-14,63267,0.0,0.49,0,3.55,1100
2020-09-15,63267,0.0,0.49,0,3.57,1100
2020-09-16,63267,0.0,0.48,0,3.62,1100
2020-09-17,63267,0.0,0.48,0,3.64,1100
2020-09-18,63267,0.0,0.48,0,3.64,1100
2020-09-21,63267,0.0,0.47,0,3.67,1100
2020-09-22,63267,0.0,0.46,0,3.75,1100
2020-09-23,63267,0.0,0.46,0,3.8,1100
2020-09-24,63267,0.0,0.44,0,3.92,1100
2020-09-25,63267,0.0,0.44,0,3.93,1100
2020-09-28,63267,0.0,0.45,0,3.88,1100
2020-09-29,63267,0.0,0.45,0,3.85,1100
2020-10-05,63267,0.0,0.46,0,3.74,1100
2020-10-06,63267,0.0,0.46,0,3.76,1100
2020-10-07,63267,0.0,0.46,0,3.79,1100
2020-10-08,63267,0.0,0.47,0,3.74,1100
2020-10-12,63267,0.0,0.48,0,3.65,1100
2020-10-13,63267,0.0,0.47,0,3.67,1100
2020-10-14,63267,0.0,0.47,0,3.73,1100
2020-10-15,63267,0.0,0.46,0,3.81,1100
2020-10-16,63267,0.0,0.46,0,3.82,1100
2020-10-19,63267,0.0,0.47,0,3.7,1100
2020-10-20,63267,0.0,0.47,0,3.74,1100
2020-10-21,63267,0.0,0.47,0,3.69,1100
2020-10-22,63267,0.0,0.47,0,3.66,1100
2020-10-23,63267,0.0,0.47,0,3.66,1100
2020-10-26,63267,0.0,0.47,0,3.69,1100
2020-10-27,63267,0.0,0.46,0,3.74,1100
2020-10-28,63267,0.0,0.46,0,3.74,1100
2020-10-29,63267,0.0,0.46,0,3.81,1100
2020-10-30,63267,0.0,0.45,0,3.87,1100
2020-11-02,63267,0.0,0.46,0,3.82,1100
2020-11-03,63267,0.0,0.46,0,3.76,1100
2020-11-04,63267,0.0,0.46,0,3.75,1100
2020-11-05,63267,0.0,0.47,0,3.69,1100
2020-11-06,63267,0.0,0.47,0,3.7,1100
2020-11-09,63267,0.0,0.48,0,3.63,1100
2020-11-10,63267,0.0,0.49,0,3.58,1100
2020-11-11,63267,0.0,0.52,0,3.33,1100
2020-11-12,63267,0.0,0.52,0,3.32,1100
2020-11-13,63267,0.0,0.51,0,3.42,1100
2020-11-16,63267,0.0,0.52,0,3.34,1100
2020-11-17,63267,0.0,0.53,0,3.26,1100
2020-11-18,63267,0.0,0.53,0,3.27,1100
2020-11-19,63267,0.0,0.53,0,3.25,1100
2020-11-20,63267,0.0,0.54,0,3.21,1100
2020-11-23,63267,0.0,0.55,0,3.15,1100
2020-11-24,63267,0.0,0.57,0,3.07,1100
2020-11-25,63267,0.0,0.56,0,3.12,1100
2020-11-26,63267,0.0,0.56,0,3.12,1100
2020-11-27,63267,0.0,0.56,0,3.08,1100
2020-11-30,63267,0.0,0.56,0,3.11,1100
2020-12-01,63267,0.0,0.55,0,3.13,1100
2020-12-02,63267,0.0,0.55,0,3.14,1100
2020-12-03,63267,0.0,0.56,0,3.09,1100
2020-12-04,63267,0.0,0.55,0,3.13,1100
2020-12-07,63267,0.0,0.54,0,3.23,1100
2020-12-08,63267,0.0,0.54,0,3.21,1100
2020-12-09,63267,0.0,0.55,0,3.17,1100
2020-12-10,63267,0.0,0.55,0,3.19,1100
2020-12-11,63267,0.0,0.56,0,3.1,1100
2020-12-14,63267,0.0,0.55,0,3.17,1100
2020-12-15,63267,0.0,0.55,0,3.19,1100
2020-12-16,63267,0.0,0.55,0,3.19,1100
2020-12-17,63267,0.0,0.54,0,3.21,1100
2020-12-18,63267,0.0,0.54,0,3.19,1100
2020-12-21,63267,0.0,0.55,0,3.18,1100
2020-12-22,63267,0.0,0.54,0,3.22,1100
2020-12-23,63267,0.0,0.54,0,3.24,1100
2020-12-24,63267,0.0,0.55,0,3.17,1100
2020-12-28,63267,0.0,0.55,0,3.17,1100
2020-12-29,63267,0.0,0.54,0,3.21,1100
2020-12-30,63267,0.0,0.56,0,3.12,1100
2021-01-04,63267,0.0,0.55,0,3.13,1100
2021-01-05,63267,0.0,0.56,0,3.1,1100
2021-01-06,63267,0.0,0.56,0,3.09,1100
2021-01-07,63267,0.0,0.57,0,3.04,1100
2021-01-08,63267,0.0,0.59,0,2.96,1100
2021-01-11,63267,0.0,0.56,0,3.11,1100
2021-01-12,63267,0.0,0.58,0,3.0,1100
2021-01-13,63267,0.0,0.58,0,3.01,1100
2021-01-14,63267,0.0,0.59,0,2.93,1100
2021-01-15,63267,0.0,0.58,0,3.02,1100
2021-01-18,63267,0.0,0.55,0,3.16,1100
2021-01-19,63267,0.0,0.56,0,3.1,1100
2021-01-20,63267,0.0,0.56,0,3.11,1100
2021-01-21,63267,0.0,0.57,0,3.06,1100
2021-01-22,63267,0.0,0.58,0,3.02,1100
2021-01-25,63267,0.0,0.57,0,3.03,1100
2021-01-26,63267,0.0,0.56,0,3.13,1100
2021-01-27,63267,0.0,0.55,0,3.16,1100
2021-01-28,63267,0.0,0.54,0,3.24,1100
2021-01-29,63267,0.0,0.51,0,3.39,1100
2021-02-01,63267,0.0,0.52,0,3.34,1100
2021-02-02,63267,0.0,0.53,0,3.29,1100
2021-02-03,63267,0.0,0.53,0,3.25,1100
2021-02-04,63267,0.0,0.52,0,3.32,1100
2021-02-05,63267,0.0,0.53,0,3.29,1100
2021-02-08,63267,0.0,0.55,0,3.17,1100
2021-02-09,63267,0.0,0.55,0,3.16,1100
2021-02-10,63267,0.0,0.55,0,3.14,1100
2021-02-15,63267,0.0,0.56,0,3.13,1100
2021-02-16,63267,0.0,0.56,0,3.12,1100
2021-02-17,63267,0.0,0.55,0,3.18,1100
2021-02-18,63267,0.0,0.54,0,3.23,1100
2021-02-19,63267,0.0,0.54,0,3.25,1100
2021-02-22,63267,0.0,0.53,0,3.27,1100
2021-02-23,63267,0.0,0.54,0,3.24,1100
2021-02-24,63267,0.0,0.53,0,3.3,1100
2021-02-25,63267,0.0,0.54,0,3.24,1100
2021-02-26,63267,0.0,0.53,0,3.27,1100
